-- phpMyAdmin SQL Dump
-- version 4.0.4
-- http://www.phpmyadmin.net
--
-- Host: 127.0.0.1
-- Generation Time: Jul 01, 2024 at 05:45 AM
-- Server version: 5.6.12-log
-- PHP Version: 5.4.16

SET SQL_MODE = "NO_AUTO_VALUE_ON_ZERO";
SET time_zone = "+00:00";


/*!40101 SET @OLD_CHARACTER_SET_CLIENT=@@CHARACTER_SET_CLIENT */;
/*!40101 SET @OLD_CHARACTER_SET_RESULTS=@@CHARACTER_SET_RESULTS */;
/*!40101 SET @OLD_COLLATION_CONNECTION=@@COLLATION_CONNECTION */;
/*!40101 SET NAMES utf8 */;

--
-- Database: `quizz`
--
CREATE DATABASE IF NOT EXISTS `quizz` DEFAULT CHARACTER SET latin1 COLLATE latin1_swedish_ci;
USE `quizz`;

-- --------------------------------------------------------

--
-- Table structure for table `admin`
--

CREATE TABLE IF NOT EXISTS `admin` (
  `ID` int(11) NOT NULL AUTO_INCREMENT,
  `Admin` varchar(50) NOT NULL,
  `Pwd` varchar(50) NOT NULL,
  PRIMARY KEY (`ID`)
) ENGINE=InnoDB  DEFAULT CHARSET=latin1 AUTO_INCREMENT=2 ;

--
-- Dumping data for table `admin`
--

INSERT INTO `admin` (`ID`, `Admin`, `Pwd`) VALUES
(1, 'admin', 'admincse@123');

-- --------------------------------------------------------

--
-- Table structure for table `answer`
--

CREATE TABLE IF NOT EXISTS `answer` (
  `question_no` int(20) NOT NULL,
  `question` varchar(100) NOT NULL,
  `choice1` varchar(30) NOT NULL,
  `choice2` varchar(30) NOT NULL,
  `choice3` varchar(30) NOT NULL,
  `choice4` varchar(30) NOT NULL,
  `yanswer` varchar(30) NOT NULL,
  `correctanswer` varchar(30) NOT NULL,
  `exp` varchar(400) NOT NULL,
  PRIMARY KEY (`question_no`)
) ENGINE=InnoDB DEFAULT CHARSET=latin1;

--
-- Dumping data for table `answer`
--

INSERT INTO `answer` (`question_no`, `question`, `choice1`, `choice2`, `choice3`, `choice4`, `yanswer`, `correctanswer`, `exp`) VALUES
(1, '1.What is the output of the following C code snippet?<br />\r\n#include<stdio.h><br />\r\nint main() {<b', '36', '49', '50', '51', '', '49', 'NO EXPLANATION'),
(2, '', 'O(n log n) ', 'O(n^2) ', 'O(n) ', 'O(log n)', '', 'O(n log n) ', 'NO EXPLANATION'),
(3, '3.Which of the following data structures uses LIFO (Last In First Out) ordering?', 'Queue', 'Stack ', 'Linked List ', 'Tree', '', 'Stack ', 'NO EXPLANATION'),
(4, '4.What is the binary equivalent of the decimal number 25?', '10011 ', '11001 ', '11101', '11010', '', '11001 ', 'NO EXPLANATION'),
(5, '5.What does CSS stand for?', 'Computer Style Sheets ', 'Cascading Style Sheets ', 'Creative Style Sheets ', 'Content Style Sheets', '', 'Cascading Style Sheets ', 'NO EXPLANATION'),
(6, '6.What does SQL stand for?', 'Structured Query Language ', 'Standard Query Language ', 'Simple Query Language', 'Sequential Query Language ', '', 'Structured Query Language ', 'NO EXPLANATION'),
(7, '7.Which data structure uses FIFO (First In First Out) ordering?<br />\r\n', 'Stack', 'Queue', 'Linked List', 'Tree', '', 'Queue', 'NO EXPLANATION'),
(8, '8.What is the output of the following Java code snippet?<br />\r\nint x = 5;<br />\r\nSystem.out.println', '36', '49', '50', '51', '', '49', 'NO EXPLANATION'),
(9, '9.What is the output of the following C++ code snippet?<br />\r\n#include<iostream><br />\r\nusing names', '110', '120', '121', '130', '', '120', 'NO EXPLANATION'),
(10, '10.What is the output of the following Python code snippet?<br />\r\nprint(5 == 5)<br />\r\n', 'True ', 'False', 'None', 'Error', '', 'True ', 'NO EXPLANATION'),
(11, 'Which of the following is NOT a valid Python data type?', 'int', 'float', 'Char', 'Str', '', 'Char', 'NO EXPLANATION'),
(12, 'What is the output of the following C code snippet?<br />\r\n#include<stdio.h><br />\r\nint main() {<br ', '5', '6', '4', 'Error', '', '5', 'NO EXPLANATION'),
(13, '', 'SELECT', 'UPDATE', 'ADD', 'DELETE', '', 'ADD', 'NO EXPLANATION'),
(14, 'What is the output of the following Java code snippet?<br />\r\nString str = "Hello";<br />\r\nSystem.ou', 'H', 'e', 'I', 'o', '', 'o', 'NO EXPLANATION'),
(15, '', '==', '=', '!=', '>', '', '=', 'NO EXPLANATION'),
(16, 'What is the time complexity of the following recursive function to calculate the Fibonacci sequence?', 'O(n)', 'O(2^n)', 'O(log n)', 'O(n!)', '', 'O(2^n)', 'NO EXPLANATION'),
(17, 'What is the output of the following Python code snippet?<br />\r\ndef foo(x):<br />\r\n    return x * 2<', '10', '5', '25', 'Error', '', '10', 'NO EXPLANATION'),
(18, 'In Python, what does the __init__ method in a class signify?', 'It initializes the class attri', 'It is a destructor method', 'It is called when the object i', 'It is called when the object i', '', 'It is called when the object i', 'NO EXPLANATION'),
(19, 'What is the output of the following C code snippet?<br />\r\n#include<stdio.h><br />\r\nint main() {<br ', '20', '10', 'Compiler Error', 'Runtime Error', '', 'Compiler Error', 'NO EXPLANATION'),
(20, '', '5', '10', '20', '1', '', '10', 'NO EXPLANATION'),
(21, 'What is the purpose of the finally block in a try-except-finally construct in Python?', 'To catch exceptions', 'To execute code regardless of ', 'To raise exceptions', 'To handle exceptions', '', 'To execute code regardless of ', 'NO EXPLANATION'),
(22, 'What is the output of the following C++ code snippet?<br />\r\n#include<iostream><br />\r\nusing namespa', '1 2', '1 3', '2 3', '2 4', '', '1 3', 'NO EXPLANATION'),
(23, '', '[1, 2, 3, 4, 5]', '[1, 2, 3, [4, 5]]', '[1, 2, 3, 4, [5]]', '[1, 2, 3, [4], [5]]', '', '[1, 2, 3, 4, 5]', 'NO EXPLANATION'),
(24, 'What is the output of the following Python code snippet?<br />\r\nprint(2 ** 3 ** 2)<br />\r\n', '64', '512', '12', '9', '', '512', 'NO EXPLANATION'),
(25, 'What is the output of the following Java code snippet?<br />\r\nString str = "Hello";<br />\r\nSystem.ou', 'H', 'e', 'll', 'el', '', 'll', 'NO EXPLANATION'),
(26, '', '2', '2.5', '3', '2.0', '', '2', 'NO EXPLANATION'),
(27, 'What is the output of the following Python code snippet?<br />\r\nprint(10 / 3)<br />\r\n', '3.3333333333333335', '3.33', '3', '3.0', '', '3.3333333333333335', 'NO EXPLANATION'),
(28, 'What is the output of the following C code snippet?<br />\r\n#include<stdio.h><br />\r\nint main() {<br ', ' 10', 'Garbage value', 'Compiler Error', 'Runtime Error', '', ' 10', 'NO EXPLANATION'),
(29, '', 'Queue', 'Stack', 'Linked List', 'Tree', '', 'Stack', 'NO EXPLANATION'),
(30, 'What is the output of the following C code snippet?<br />\r\n#include<stdio.h><br />\r\nint main() {<br ', '1', '3', '4', '5', '', '4', 'NO EXPLANATION'),
(31, '', '2hours', '3hours', '4hours', '5hours', '', '3hours', 'NO EXPLANATION'),
(32, 'A car travels the first 40% of a journey at an average speed of 30 km/h and the remaining 60% at an ', '42 km/h', '45km/h', '48km/h', '50km/h', '', '45km/h', 'NO EXPLANATION'),
(33, 'A, B, and C can complete a piece of work together in 10 days. If A works twice as efficiently as B, ', '120 days', '140 days', '160 days', '180 days', '', '160 days', 'NO EXPLANATION'),
(34, 'The simple interest on a certain sum of money for 3 years at 12% per annum is $1080. What will be th', '$3280', '$3360', '$3440', '$3520', '', '$3520', 'NO EXPLANATION'),
(35, 'A shopkeeper marked the price of a watch 25% above the cost price. If he gives a discount of 20%, wh', '5%', '8%', '10%', '12%', '', '8%', 'NO EXPLANATION'),
(36, 'A certain sum of money becomes 7 times in 3 years at a certain rate of compound interest. In how man', '5 years', '6 years', '7 years', '8 years', '', '6 years', 'NO EXPLANATION'),
(38, 'A student scores 20% marks in one subject and fails by 40 marks. However, in another subject, he sco', '100', '120', '140', '160', '', '140', 'NO EXPLANATION');

-- --------------------------------------------------------

--
-- Table structure for table `choices`
--

CREATE TABLE IF NOT EXISTS `choices` (
  `id` int(11) NOT NULL AUTO_INCREMENT,
  `question_number` int(11) NOT NULL,
  `is_correct` tinyint(1) NOT NULL DEFAULT '0',
  `text` text NOT NULL,
  PRIMARY KEY (`id`)
) ENGINE=InnoDB  DEFAULT CHARSET=latin1 AUTO_INCREMENT=153 ;

--
-- Dumping data for table `choices`
--

INSERT INTO `choices` (`id`, `question_number`, `is_correct`, `text`) VALUES
(1, 1, 0, '36'),
(2, 1, 1, '49'),
(3, 1, 0, '50'),
(4, 1, 0, '51'),
(5, 2, 1, 'O(n log n) '),
(6, 2, 0, 'O(n^2) '),
(7, 2, 0, 'O(n) '),
(8, 2, 0, 'O(log n)'),
(9, 3, 0, 'Queue'),
(10, 3, 1, 'Stack '),
(11, 3, 0, 'Linked List '),
(12, 3, 0, 'Tree'),
(13, 4, 0, '10011 '),
(14, 4, 1, '11001 '),
(15, 4, 0, '11101'),
(16, 4, 0, '11010'),
(17, 5, 0, 'Computer Style Sheets '),
(18, 5, 1, 'Cascading Style Sheets '),
(19, 5, 0, 'Creative Style Sheets '),
(20, 5, 0, 'Content Style Sheets'),
(21, 6, 1, 'Structured Query Language '),
(22, 6, 0, 'Standard Query Language '),
(23, 6, 0, 'Simple Query Language'),
(24, 6, 0, 'Sequential Query Language '),
(25, 7, 0, 'Stack'),
(26, 7, 1, 'Queue'),
(27, 7, 0, 'Linked List'),
(28, 7, 0, 'Tree'),
(29, 8, 0, '36'),
(30, 8, 1, '49'),
(31, 8, 0, '50'),
(32, 8, 0, '51'),
(33, 9, 0, '110'),
(34, 9, 1, '120'),
(35, 9, 0, '121'),
(36, 9, 0, '130'),
(37, 10, 1, 'True '),
(38, 10, 0, 'False'),
(39, 10, 0, 'None'),
(40, 10, 0, 'Error'),
(41, 11, 0, 'int'),
(42, 11, 0, 'float'),
(43, 11, 1, 'Char'),
(44, 11, 0, 'Str'),
(45, 12, 1, '5'),
(46, 12, 0, '6'),
(47, 12, 0, '4'),
(48, 12, 0, 'Error'),
(49, 13, 0, 'SELECT'),
(50, 13, 0, 'UPDATE'),
(51, 13, 1, 'ADD'),
(52, 13, 0, 'DELETE'),
(53, 14, 0, 'H'),
(54, 14, 0, 'e'),
(55, 14, 0, 'I'),
(56, 14, 1, 'o'),
(57, 15, 0, '=='),
(58, 15, 1, '='),
(59, 15, 0, '!='),
(60, 15, 0, '>'),
(61, 16, 0, 'O(n)'),
(62, 16, 1, 'O(2^n)'),
(63, 16, 0, 'O(log n)'),
(64, 16, 0, 'O(n!)'),
(65, 17, 1, '10'),
(66, 17, 0, '5'),
(67, 17, 0, '25'),
(68, 17, 0, 'Error'),
(69, 18, 0, 'It initializes the class attributes'),
(70, 18, 0, 'It is a destructor method'),
(71, 18, 1, 'It is called when the object is created'),
(72, 18, 0, 'It is called when the object is deleted'),
(73, 19, 0, '20'),
(74, 19, 0, '10'),
(75, 19, 1, 'Compiler Error'),
(76, 19, 0, 'Runtime Error'),
(77, 20, 0, '5'),
(78, 20, 1, '10'),
(79, 20, 0, '20'),
(80, 20, 0, '1'),
(81, 21, 0, 'To catch exceptions'),
(82, 21, 1, 'To execute code regardless of whether an exception occurs or not'),
(83, 21, 0, 'To raise exceptions'),
(84, 21, 0, 'To handle exceptions'),
(85, 22, 0, '1 2'),
(86, 22, 1, '1 3'),
(87, 22, 0, '2 3'),
(88, 22, 0, '2 4'),
(89, 23, 1, '[1, 2, 3, 4, 5]'),
(90, 23, 0, '[1, 2, 3, [4, 5]]'),
(91, 23, 0, '[1, 2, 3, 4, [5]]'),
(92, 23, 0, '[1, 2, 3, [4], [5]]'),
(93, 24, 0, '64'),
(94, 24, 1, '512'),
(95, 24, 0, '12'),
(96, 24, 0, '9'),
(97, 25, 0, 'H'),
(98, 25, 0, 'e'),
(99, 25, 1, 'll'),
(100, 25, 0, 'el'),
(101, 26, 1, '2'),
(102, 26, 0, '2.5'),
(103, 26, 0, '3'),
(104, 26, 0, '2.0'),
(105, 27, 1, '3.3333333333333335'),
(106, 27, 0, '3.33'),
(107, 27, 0, '3'),
(108, 27, 0, '3.0'),
(109, 28, 1, ' 10'),
(110, 28, 0, 'Garbage value'),
(111, 28, 0, 'Compiler Error'),
(112, 28, 0, 'Runtime Error'),
(113, 29, 0, 'Queue'),
(114, 29, 1, 'Stack'),
(115, 29, 0, 'Linked List'),
(116, 29, 0, 'Tree'),
(117, 30, 0, '1'),
(118, 30, 0, '3'),
(119, 30, 1, '4'),
(120, 30, 0, '5'),
(121, 31, 0, '2hours'),
(122, 31, 1, '3hours'),
(123, 31, 0, '4hours'),
(124, 31, 0, '5hours'),
(125, 32, 0, '42 km/h'),
(126, 32, 1, '45km/h'),
(127, 32, 0, '48km/h'),
(128, 32, 0, '50km/h'),
(129, 33, 0, '120 days'),
(130, 33, 0, '140 days'),
(131, 33, 1, '160 days'),
(132, 33, 0, '180 days'),
(133, 34, 0, '$3280'),
(134, 34, 0, '$3360'),
(135, 34, 0, '$3440'),
(136, 34, 1, '$3520'),
(137, 35, 0, '5%'),
(138, 35, 1, '8%'),
(139, 35, 0, '10%'),
(140, 35, 0, '12%'),
(141, 36, 0, '5 years'),
(142, 36, 1, '6 years'),
(143, 36, 0, '7 years'),
(144, 36, 0, '8 years'),
(145, 38, 0, '100'),
(146, 38, 0, '120'),
(147, 38, 1, '140'),
(148, 38, 0, '160'),
(149, 38, 0, '100'),
(150, 38, 0, '120'),
(151, 38, 1, '140'),
(152, 38, 0, '160');

-- --------------------------------------------------------

--
-- Table structure for table `questions`
--

CREATE TABLE IF NOT EXISTS `questions` (
  `question_number` int(11) NOT NULL,
  `text` longtext NOT NULL,
  PRIMARY KEY (`question_number`)
) ENGINE=InnoDB DEFAULT CHARSET=latin1;

--
-- Dumping data for table `questions`
--

INSERT INTO `questions` (`question_number`, `text`) VALUES
(1, 'What is the output of the following C code snippet?<br />\r\n#include<stdio.h><br />\r\nint main() {<br />\r\n    int x = 5;<br />\r\n    printf("%d\r\n", ++x * x++);<br />\r\n    return 0;<br />\r\n}<br />\r\n'),
(2, 'What is the time complexity of the quicksort algorithm in the best-case scenario?'),
(3, 'Which of the following data structures uses LIFO (Last In First Out) ordering?'),
(4, 'What is the binary equivalent of the decimal number 25?'),
(5, 'What does CSS stand for?'),
(6, 'What does SQL stand for?'),
(7, 'Which data structure uses FIFO (First In First Out) ordering?<br />\r\n'),
(8, 'What is the output of the following Java code snippet?<br />\r\nint x = 5;<br />\r\nSystem.out.println(++x * x++);<br />\r\n'),
(9, 'What is the output of the following C++ code snippet?<br />\r\n#include<iostream><br />\r\nusing namespace std;<br />\r\nint main() {<br />\r\n    int x = 10;<br />\r\n    cout << x++ * ++x;<br />\r\n    return 0;<br />\r\n}<br />\r\n'),
(10, 'What is the output of the following Python code snippet?<br />\r\nprint(5 == 5)<br />\r\n'),
(11, 'Which of the following is NOT a valid Python data type?'),
(12, 'What is the output of the following C code snippet?<br />\r\n#include<stdio.h><br />\r\nint main() {<br />\r\n    int x = 5;<br />\r\n    printf("%d\n", x++);<br />\r\n    return 0;<br />\r\n}<br />\r\n'),
(13, 'Which of the following is NOT a valid SQL command? '),
(14, 'What is the output of the following Java code snippet?<br />\r\nString str = "Hello";<br />\r\nSystem.out.println(str.charAt(3));<br />\r\n'),
(15, 'Which of the following is NOT a valid Python comparison operator?'),
(16, 'What is the time complexity of the following recursive function to calculate the Fibonacci sequence?<br />\r\ndef fibonacci(n):<br />\r\nif n <= 1:<br />\r\n        return n<br />\r\n    else:<br />\r\n        return fibonacci(n-1) + fibonacci(n-2)<br />\r\n<br />\r\n<br />\r\n'),
(17, 'What is the output of the following Python code snippet?<br />\r\ndef foo(x):<br />\r\n    return x * 2<br />\r\nprint(foo(5))<br />\r\n'),
(18, 'In Python, what does the __init__ method in a class signify?'),
(19, 'What is the output of the following C code snippet?<br />\r\n#include<stdio.h><br />\r\nint main() {<br />\r\n    int x = 10;<br />\r\n    if (x == 10) {<br />\r\n        int y = 20;<br />\r\n        printf("%d\n", y);<br />\r\n    }<br />\r\n    printf("%d\n", y);<br />\r\n    return 0;<br />\r\n}<br />\r\n'),
(20, 'What is the output of the following Java code snippet?\r\nint x = 5;\r\nSystem.out.println(x << 1);\r\n'),
(21, 'What is the purpose of the finally block in a try-except-finally construct in Python?'),
(22, 'What is the output of the following C++ code snippet?<br />\r\n#include<iostream><br />\r\nusing namespace std;<br />\r\nint main() {<br />\r\n    int arr[] = {1, 2, 3, 4, 5};<br />\r\n    int *ptr = arr;<br />\r\n    cout << *ptr << " " << *(ptr+2);<br />\r\n    return 0;<br />\r\n}<br />\r\n'),
(23, 'What is the output of the following Python code snippet?\r\nx = [1, 2, 3]\r\ny = [4, 5]\r\nx.extend(y)\r\nprint(x)\r\n'),
(24, 'What is the output of the following Python code snippet?<br />\r\nprint(2 ** 3 ** 2)<br />\r\n'),
(25, 'What is the output of the following Java code snippet?<br />\r\nString str = "Hello";<br />\r\nSystem.out.println(str.substring(1, 3));<br />\r\n'),
(26, 'What is the output of the following C++ code snippet?\r\n#include<iostream>\r\nusing namespace std;\r\nint main() {\r\n    int x = 5;\r\n    int y = 2;\r\n    cout << x / y;\r\n    return 0;\r\n}\r\n'),
(27, 'What is the output of the following Python code snippet?<br />\r\nprint(10 / 3)<br />\r\n'),
(28, 'What is the output of the following C code snippet?<br />\r\n#include<stdio.h><br />\r\nint main() {<br />\r\n    int x = 10;<br />\r\n    int *ptr = &x;<br />\r\n    printf("%d\n", *ptr);<br />\r\n    return 0;<br />\r\n}<br />\r\n'),
(29, 'Which of the following data structures follows the Last In, First Out (LIFO) principle?\r\n'),
(30, 'What is the output of the following C code snippet?<br />\r\n#include<stdio.h><br />\r\nint main() {<br />\r\n    int arr[] = {1, 2, 3, 4, 5};<br />\r\n    printf("%d\n", *(arr + 3));<br />\r\n    return 0;<br />\r\n}<br />\r\n');

-- --------------------------------------------------------

--
-- Table structure for table `sample`
--

CREATE TABLE IF NOT EXISTS `sample` (
  `duration` varchar(50) NOT NULL,
  `Marks` int(50) NOT NULL,
  `id` int(50) NOT NULL AUTO_INCREMENT,
  PRIMARY KEY (`id`)
) ENGINE=InnoDB  DEFAULT CHARSET=latin1 AUTO_INCREMENT=2 ;

--
-- Dumping data for table `sample`
--

INSERT INTO `sample` (`duration`, `Marks`, `id`) VALUES
('30', 1, 1);

-- --------------------------------------------------------

--
-- Table structure for table `stud`
--

CREATE TABLE IF NOT EXISTS `stud` (
  `SNO` int(100) NOT NULL AUTO_INCREMENT,
  `regno` varchar(100) NOT NULL,
  `question` varchar(100) NOT NULL,
  `time` varchar(200) NOT NULL,
  `timer` varchar(50) NOT NULL,
  `yanswer` varchar(200) NOT NULL,
  `value` varchar(100) NOT NULL,
  PRIMARY KEY (`SNO`)
) ENGINE=InnoDB  DEFAULT CHARSET=latin1 AUTO_INCREMENT=2127 ;

--
-- Dumping data for table `stud`
--

INSERT INTO `stud` (`SNO`, `regno`, `question`, `time`, `timer`, `yanswer`, `value`) VALUES
(1, '1234', '1', '0.07', '0.07', '49', '1'),
(2, '1234', '2', '0.85', '0.78', 'O(n^2) ', '0'),
(3, '1234', '3', '0.88', '0.03', 'Linked List ', '0'),
(4, '1234', '4', '0.92', '0.04', '10011 ', '0'),
(5, '1234', '5', '0.97', '0.05', 'Content Style Sheets', '0'),
(6, '1234', '6', '1.02', '0.05', 'Structured Query Language ', '1'),
(7, '1234', '7', '1.05', '0.03', 'Stack', '0'),
(8, '1234', '8', '1.12', '0.07', '49', '1'),
(9, '1234', '9', '1.17', '0.05', '120', '1'),
(10, '1234', '10', '1.23', '0.06', 'True ', '1'),
(11, '2344', '1', '0.07', '0.07', '51', '0'),
(12, '2344', '2', '0.13', '0.06', 'O(n^2) ', '0'),
(13, '2344', '3', '0.18', '0.05', 'Stack ', '1'),
(14, '2344', '4', '0.22', '0.04', '11010', '0'),
(15, '2344', '5', '0.25', '0.03', 'Cascading Style Sheets ', '1'),
(16, '2344', '6', '0.32', '0.07', 'Standard Query Language ', '0'),
(17, '2344', '7', '0.35', '0.03', 'Stack', '0'),
(18, '2344', '8', '0.40', '0.05', '49', '1'),
(19, '2344', '9', '0.43', '0.03', '121', '0'),
(20, '2344', '10', '0.48', '0.05', 'True ', '1'),
(21, '3333', '1', '0.07', '0.07', '36', '0'),
(22, '3333', '2', '0.12', '0.05', 'O(log n)', '0'),
(23, '3333', '3', '0.17', '0.05', 'Linked List ', '0'),
(24, '3333', '4', '0.20', '0.03', '11101', '0'),
(25, '3333', '5', '0.25', '0.05', 'Creative Style Sheets ', '0'),
(26, '3333', '6', '0.28', '0.03', 'Simple Query Language', '0'),
(27, '3333', '7', '0.32', '0.04', 'Linked List', '0'),
(28, '3333', '8', '0.37', '0.05', '50', '0'),
(29, '3333', '9', '0.40', '0.03', '110', '0'),
(30, '3333', '10', '0.47', '0.07', 'None', '0'),
(31, '3333', '11', '0.52', '0.05', 'Char', '1'),
(32, '3333', '12', '0.57', '0.05', '6', '0'),
(33, '3333', '13', '0.62', '0.05', 'DELETE', '0'),
(34, '3333', '14', '0.67', '0.05', 'I', '0'),
(35, '3333', '15', '0.70', '0.03', '>', '0'),
(36, '3333', '16', '0.75', '0.05', 'O(n)', '0'),
(37, '3333', '17', '0.78', '0.03', 'Error', '0'),
(38, '3333', '18', '0.83', '0.05', 'It is called when the object is created', '1'),
(39, '3333', '19', '0.88', '0.05', '20', '0'),
(40, '3333', '20', '0.95', '0.07', '1', '0'),
(41, '3333', '21', '0.98', '0.03', 'To raise exceptions', '0'),
(42, '3333', '22', '1.02', '0.04', '1 2', '0'),
(43, '3333', '23', '1.07', '0.05', '[1, 2, 3, 4, [5]]', '0'),
(44, '3333', '24', '1.12', '0.05', '512', '1'),
(45, '3333', '25', '1.15', '0.03', 'e', '0'),
(46, '3333', '26', '1.18', '0.03', '2.0', '0'),
(47, '3333', '27', '1.23', '0.05', '3.3333333333333335', '1'),
(48, '3333', '28', '1.28', '0.05', ' 10', '1'),
(49, '3333', '29', '1.33', '0.05', 'Queue', '0'),
(50, '3333', '30', '1.38', '0.05', '3', '0'),
(51, '2222', '1', '0.05', '', '36', '0'),
(52, '2222', '2', '0.10', '', 'O(n log n) ', '1'),
(53, '2222', '3', '0.13', '', 'Queue', '0'),
(54, '2222', '4', '0.17', '', '10011 ', '0'),
(55, '2222', '5', '0.20', '', 'Computer Style Sheets ', '0'),
(56, '2222', '6', '0.23', '', 'Standard Query Language ', '0'),
(57, '2222', '7', '0.27', '', 'Stack', '0'),
(58, '2222', '8', '0.30', '', '36', '0'),
(59, '2222', '9', '0.37', '', '110', '0'),
(60, '2222', '10', '0.40', '', 'True ', '1'),
(61, '2222', '11', '0.43', '', 'int', '0'),
(62, '2222', '12', '0.48', '', '5', '1'),
(63, '2222', '13', '0.52', '', 'SELECT', '0'),
(64, '2222', '14', '0.57', '', 'H', '0'),
(65, '2222', '15', '0.60', '', '==', '0'),
(66, '2222', '16', '0.63', '', 'O(n)', '0'),
(67, '2222', '17', '0.72', '', '10', '1'),
(68, '2222', '18', '0.77', '', 'It is a destructor method', '0'),
(69, '2222', '19', '0.82', '', '20', '0'),
(70, '2222', '20', '0.85', '', '10', '1'),
(71, '2222', '21', '0.90', '', 'To execute code regardless of whether an exception occurs or not', '1'),
(72, '2222', '22', '0.95', '', '1 2', '0'),
(73, '2222', '23', '1.62', '', '[1, 2, 3, [4, 5]]', '0'),
(74, '2222', '24', '1.65', '', '64', '0'),
(75, '2222', '25', '1.70', '', 'e', '0'),
(76, '2222', '26', '1.73', '', '2', '1'),
(77, '2222', '27', '1.75', '', '3.33', '0'),
(78, '2222', '28', '1.82', '', ' 10', '1'),
(79, '2222', '29', '1.85', '', 'Queue', '0'),
(80, '2222', '30', '1.90', '', '1', '0'),
(81, '2222', '31', '1.97', '', '3hours', '1'),
(82, '2222', '32', '2.02', '', '42 km/h', '0'),
(83, '2222', '33', '2.05', '', '120 days', '0'),
(84, '2222', '34', '2.08', '', '$3360', '0'),
(85, '2222', '35', '2.13', '', '8%', '1'),
(86, '2222', '36', '2.18', '', '6 years', '1'),
(87, '444', '1', '0.07', '0.07', '49', '1'),
(88, '444', '2', '0.12', '0.05', 'O(log n)', '0'),
(89, '444', '3', '0.15', '0.03', 'Stack ', '1'),
(90, '444', '4', '0.20', '0.05', '10011 ', '0'),
(91, '444', '5', '0.23', '0.03', 'Cascading Style Sheets ', '1'),
(92, '444', '6', '0.30', '0.07', 'Structured Query Language ', '1'),
(93, '444', '7', '0.33', '0.03', 'Queue', '1'),
(94, '444', '8', '0.38', '0.05', '49', '1'),
(95, '444', '9', '0.42', '0.04', '110', '0'),
(96, '444', '10', '0.47', '0.05', 'Error', '0'),
(97, '444', '11', '0.50', '0.03', 'Char', '1'),
(98, '444', '12', '0.55', '0.05', '5', '1'),
(99, '444', '13', '0.62', '0.07', 'DELETE', '0'),
(100, '444', '14', '0.67', '0.05', 'e', '0'),
(101, '444', '15', '0.72', '0.05', '!=', '0'),
(102, '444', '16', '0.77', '0.05', 'O(n)', '0'),
(103, '444', '17', '0.80', '0.03', '25', '0'),
(104, '444', '18', '0.92', '0.12', 'It is a destructor method', '0'),
(105, '444', '19', '0.98', '0.06', '20', '0'),
(106, '444', '20', '1.02', '0.04', '20', '0'),
(107, '444', '21', '1.07', '0.05', 'To raise exceptions', '0'),
(108, '444', '22', '1.13', '0.06', '1 2', '0'),
(109, '444', '23', '1.20', '0.07', '[1, 2, 3, 4, 5]', '1'),
(110, '444', '24', '1.25', '0.05', '512', '1'),
(111, '444', '25', '1.33', '0.08', 'e', '0'),
(112, '444', '26', '1.37', '0.04', '3', '0'),
(113, '444', '27', '1.42', '0.05', '3.0', '0'),
(114, '444', '28', '1.48', '0.06', 'Garbage value', '0'),
(115, '444', '29', '1.53', '0.05', 'Tree', '0'),
(116, '444', '30', '1.60', '0.07', '3', '0'),
(117, '444', '31', '1.63', '0.03', '4hours', '0'),
(118, '444', '32', '1.67', '0.04', '45km/h', '1'),
(119, '444', '33', '1.70', '0.03', '140 days', '0'),
(120, '444', '34', '1.77', '0.07', '$3440', '0'),
(121, '444', '35', '1.80', '0.03', '8%', '1'),
(122, '444', '36', '1.83', '0.03', '6 years', '1'),
(123, '4678', '1', '0.20', '0.20', '50', '0'),
(124, '4678', '2', '0.27', '0.07', 'O(n log n) ', '1'),
(125, '4678', '3', '0.32', '0.05', 'Queue', '0'),
(126, '4678', '4', '0.35', '0.03', '10011 ', '0'),
(127, '4678', '5', '0.40', '0.05', 'Cascading Style Sheets ', '1'),
(128, '4678', '6', '0.45', '0.05', 'Simple Query Language', '0'),
(129, '4678', '7', '0.48', '0.03', 'Linked List', '0'),
(130, '4678', '8', '0.52', '0.04', '50', '0'),
(131, '4678', '9', '0.57', '0.05', '121', '0'),
(132, '4678', '10', '0.63', '0.06', 'False', '0'),
(133, '4678', '11', '0.72', '0.09', 'int', '0'),
(134, '4678', '12', '0.82', '0.1', '4', '0'),
(135, '4678', '13', '0.85', '0.03', 'DELETE', '0'),
(136, '4678', '14', '0.88', '0.03', 'I', '0'),
(137, '4678', '15', '0.93', '0.05', '>', '0'),
(138, '4678', '16', '0.98', '0.05', 'O(n)', '0'),
(139, '4678', '17', '1.02', '0.04', 'Error', '0'),
(140, '4678', '18', '1.08', '0.06', 'It is called when the object is created', '1'),
(141, '4678', '19', '1.15', '0.07', '20', '0'),
(142, '4678', '20', '1.18', '0.03', '20', '0'),
(143, '4678', '21', '1.23', '0.05', 'To handle exceptions', '0'),
(144, '4678', '22', '1.28', '0.05', '1 2', '0'),
(145, '4678', '23', '1.32', '0.04', '[1, 2, 3, [4], [5]]', '0'),
(146, '4678', '24', '1.40', '0.08', '12', '0'),
(147, '4678', '25', '1.45', '0.05', 'e', '0'),
(148, '4678', '26', '1.50', '0.05', '2.0', '0'),
(149, '4678', '27', '1.55', '0.05', '3.3333333333333335', '1'),
(150, '4678', '28', '1.58', '0.03', ' 10', '1'),
(151, '4678', '29', '1.63', '0.05', 'Tree', '0'),
(152, '4678', '30', '1.68', '0.05', '1', '0'),
(153, '4678', '31', '1.73', '0.05', '4hours', '0'),
(154, '4678', '32', '1.78', '0.05', '48km/h', '0'),
(155, '4678', '33', '1.83', '0.05', '160 days', '1'),
(156, '4678', '34', '1.88', '0.05', '$3360', '0'),
(157, '4678', '35', '1.92', '0.04', '8%', '1'),
(158, '4678', '36', '1.97', '0.05', '7 years', '0'),
(159, '123', '1', '0.05', '0.05', '51', '0'),
(160, '123', '2', '0.15', '0.1', 'O(n) ', '0'),
(161, '123', '3', '0.22', '0.07', 'Stack ', '1'),
(162, '123', '4', '0.25', '0.03', '11001 ', '1'),
(163, '123', '5', '0.30', '0.05', 'Cascading Style Sheets ', '1'),
(164, '123', '6', '0.40', '0.1', 'Standard Query Language ', '0'),
(165, '123', '7', '0.52', '0.12', 'Queue', '1'),
(166, '123', '8', '0.55', '0.03', '36', '0'),
(167, '123', '9', '0.62', '0.07', '110', '0'),
(168, '123', '10', '0.70', '0.08', 'False', '0'),
(169, '123', '11', '0.75', '0.05', 'float', '0'),
(170, '123', '12', '0.78', '0.03', '6', '0'),
(171, '123', '13', '0.83', '0.05', 'UPDATE', '0'),
(172, '123', '14', '0.88', '0.05', 'e', '0'),
(173, '123', '15', '0.92', '0.04', '=', '1'),
(174, '123', '16', '0.97', '0.05', 'O(2^n)', '1'),
(175, '123', '17', '1.00', '0.03', '5', '0'),
(176, '123', '18', '1.03', '0.03', 'It is called when the object is created', '1'),
(177, '123', '19', '1.07', '0.04', '10', '0'),
(178, '123', '20', '1.12', '0.05', '10', '1'),
(179, '123', '21', '1.15', '0.03', 'To execute code regardless of whether an exception occurs or not', '1'),
(180, '123', '22', '1.20', '0.05', '1 3', '1'),
(181, '123', '23', '1.25', '0.05', '[1, 2, 3, [4, 5]]', '0'),
(182, '123', '24', '1.28', '0.03', '512', '1'),
(183, '123', '25', '1.32', '0.04', 'e', '0'),
(184, '123', '26', '1.35', '0.03', '2.5', '0'),
(185, '123', '27', '1.40', '0.05', '3.33', '0'),
(186, '123', '28', '1.43', '0.03', 'Garbage value', '0'),
(187, '123', '29', '1.48', '0.05', 'Stack', '1'),
(188, '123', '30', '1.52', '0.04', '3', '0'),
(189, '913121104047', '1', '0.55', '0.55', '36', '0'),
(190, '913121104030', '1', '0.52', '0.52', '36', '0'),
(191, '913121104105', '1', '0.33', '0.33', '36', '0'),
(192, '913122104170', '1', '0.43', '0.43', '36', '0'),
(193, '913122104043', '1', '0.53', '0.53', '36', '0'),
(194, '913122104076', '1', '0.53', '0.53', '36', '0'),
(195, '913121104017', '1', '0.60', '0.60', '36', '0'),
(196, '913121104001', '1', '0.47', '0.47', '36', '0'),
(197, '913121104091', '1', '0.47', '0.47', '36', '0'),
(198, '913121104109', '1', '0.63', '0.63', '36', '0'),
(199, '913121104047', '2', '0.77', '0.22', 'O(n log n) ', '1'),
(200, '913122104170', '2', '0.63', '0.2', 'O(log n)', '0'),
(201, '913121104030', '2', '0.77', '0.25', 'O(n log n) ', '1'),
(202, '913121104071', '1', '0.65', '0.65', '36', '0'),
(203, '913122104144', '1', '0.58', '0.58', '36', '0'),
(204, '913121104109', '2', '0.77', '0.14', 'O(n log n) ', '1'),
(205, '913121104109', '2', '0.77', '0.14', 'O(n log n) ', '1'),
(206, '913122104002', '1', '0.55', '0.55', '50', '0'),
(207, '913122104076', '2', '0.73', '0.2', 'O(log n)', '0'),
(208, '913122104170', '3', '0.80', '0.17', 'Queue', '0'),
(209, '913121104047', '3', '1.02', '0.25', 'Stack ', '1'),
(210, '913121104030', '3', '1.00', '0.23', 'Queue', '0'),
(211, '913121104091', '2', '0.78', '0.31', 'O(n log n) ', '1'),
(212, '913122104144', '2', '0.78', '0.2', 'O(n log n) ', '1'),
(213, '913121104042', '1', '1.00', '1.00', '36', '0'),
(214, '913121104105', '2', '0.83', '0.5', 'O(n) ', '0'),
(215, '913121104001', '2', '0.83', '0.36', 'O(n log n) ', '1'),
(216, '913121104109', '3', '0.98', '0.21', 'Stack ', '1'),
(217, '913121104109', '3', '0.98', '0.21', 'Stack ', '1'),
(218, '913122104076', '3', '0.93', '0.2', 'Stack ', '1'),
(219, '91312214057', '1', '0.82', '0.82', '36', '0'),
(220, '913121104074', '1', '0.77', '0.77', '36', '0'),
(221, '913121104097', '1', '0.88', '0.88', '36', '0'),
(222, '913121104091', '3', '0.88', '0.1', 'Stack ', '1'),
(223, '913121104007', '1', '0.48', '0.48', '36', '0'),
(224, '913122104141', '1', '0.75', '0.75', '36', '0'),
(225, '913121104017', '2', '1.07', '0.47', 'O(n log n) ', '1'),
(226, '913122104144', '3', '0.92', '0.14', 'Stack ', '1'),
(227, '913121104001', '3', '0.98', '0.15', 'Stack ', '1'),
(228, '913122104184', '1', '0.80', '0.80', '36', '0'),
(229, '913121104007', '2', '0.63', '0.15', 'O(n log n) ', '1'),
(230, '913122104025', '1', '0.87', '0.87', '36', '0'),
(231, '913122104066', '1', '1.03', '1.03', '36', '0'),
(232, '913122104012', '1', '0.73', '0.73', '36', '0'),
(233, '913121104105', '3', '1.10', '0.27', 'Stack ', '1'),
(234, '913121104047', '4', '1.40', '0.38', '11001 ', '1'),
(235, '913122104141', '2', '0.98', '0.23', 'O(n log n) ', '1'),
(236, '913122104002', '2', '1.10', '0.55', 'O(n) ', '0'),
(237, '913122104017', '1', '1.02', '1.02', '36', '0'),
(238, '913121104073', '1', '1.18', '1.18', '36', '0'),
(239, '913121104007', '3', '0.78', '0.15', 'Stack ', '1'),
(240, '913121104097', '2', '1.20', '0.32', 'O(n log n) ', '1'),
(241, '913122104170', '4', '1.33', '0.53', '11001 ', '1'),
(242, '913121104047', '5', '1.52', '0.12', 'Cascading Style Sheets ', '1'),
(243, '913121104017', '3', '1.38', '0.31', 'Stack ', '1'),
(244, '913121104042', '2', '1.48', '0.48', 'O(log n)', '0'),
(245, '913122104043', '2', '1.45', '0.92', 'O(log n)', '0'),
(246, '913121104074', '2', '1.18', '0.41', 'O(n^2) ', '0'),
(247, '913122104170', '5', '1.42', '0.09', 'Cascading Style Sheets ', '1'),
(248, '913121104001', '4', '1.33', '0.35', '11001 ', '1'),
(249, '913121104071', '2', '1.43', '0.78', 'O(log n)', '0'),
(250, '913121104109', '4', '1.48', '0.5', '11001 ', '1'),
(251, '913121104047', '6', '1.65', '0.13', 'Structured Query Language ', '1'),
(252, '913121104030', '4', '1.62', '0.62', '11001 ', '1'),
(253, '913122104056', '1', '1.37', '1.37', '49', '1'),
(254, '913122104141', '3', '1.22', '0.24', 'Stack ', '1'),
(255, '913122104170', '6', '1.50', '0.08', 'Structured Query Language ', '1'),
(256, '913121104109', '5', '1.57', '0.09', 'Cascading Style Sheets ', '1'),
(257, '913121104109', '5', '1.57', '0.09', 'Cascading Style Sheets ', '1'),
(258, '913121104001', '5', '1.45', '0.12', 'Cascading Style Sheets ', '1'),
(259, '913122104066', '2', '1.42', '0.39', 'O(log n)', '0'),
(260, '913121104042', '3', '1.63', '0.15', 'Stack ', '1'),
(261, '913121104030', '5', '1.68', '0.06', 'Cascading Style Sheets ', '1'),
(262, '913121104047', '7', '1.75', '0.1', 'Queue', '1'),
(263, '913122104170', '7', '1.57', '0.07', 'Stack', '0'),
(264, '913122104017', '2', '1.32', '0.3', 'O(n log n) ', '1'),
(265, '913121104109', '6', '1.65', '0.08', 'Structured Query Language ', '1'),
(266, '913121104001', '6', '1.52', '0.07', 'Structured Query Language ', '1'),
(267, '913121104074', '3', '1.42', '0.24', 'Stack ', '1'),
(268, '913122104002', '3', '1.48', '0.38', 'Stack ', '1'),
(269, '913121104109', '7', '1.73', '0.08', 'Queue', '1'),
(270, '913121104071', '3', '1.68', '0.25', 'Stack ', '1'),
(271, '913121104063', '1', '1.50', '1.50', '49', '1'),
(272, '913121104097', '3', '1.60', '0.4', 'Queue', '0'),
(273, '913121104030', '6', '1.83', '0.15', 'Structured Query Language ', '1'),
(274, '913121104001', '7', '1.65', '0.13', 'Queue', '1'),
(275, '913121104091', '4', '1.63', '0.75', '11001 ', '1'),
(276, '913122104097', '1', '0.43', '0.43', '36', '0'),
(277, '913122104043', '3', '1.85', '0.4', 'Stack ', '1'),
(278, '913122104017', '3', '1.52', '0.2', 'Stack ', '1'),
(279, '913122104170', '8', '1.80', '0.23', '36', '0'),
(280, '913122104066', '3', '1.68', '0.26', 'Stack ', '1'),
(281, '913122104009', '1', '1.43', '1.43', '36', '0'),
(282, '913121104030', '7', '1.97', '0.14', 'Stack', '0'),
(283, '913121104091', '5', '1.73', '0.1', 'Cascading Style Sheets ', '1'),
(284, '913121104079', '1', '1.65', '1.65', '36', '0'),
(285, '913122104184', '2', '1.60', '0.8', 'O(n log n) ', '1'),
(286, '913122104141', '4', '1.65', '0.43', '10011 ', '0'),
(287, '913121104091', '6', '1.82', '0.09', 'Structured Query Language ', '1'),
(288, '913121104042', '4', '2.03', '0.4', '11001 ', '1'),
(289, '913122104012', '2', '1.52', '0.79', 'O(n) ', '0'),
(290, '913121104109', '8', '2.00', '0.27', '36', '0'),
(291, '913123104114', '1', '1.28', '1.28', '36', '0'),
(292, '913123104114', '1', '1.30', '1.28', '36', '0'),
(293, '913122104025', '2', '1.68', '0.81', 'O(log n)', '0'),
(294, '913121104073', '2', '1.85', '0.67', 'O(n log n) ', '1'),
(295, '913121104079', '2', '1.77', '0.12', 'O(n) ', '0'),
(296, '91312214057', '2', '1.85', '1.03', 'O(n log n) ', '1'),
(297, '913121104047', '8', '2.18', '0.43', '36', '0'),
(298, '913121104063', '2', '1.80', '0.3', 'O(n log n) ', '1'),
(299, '913121104091', '7', '1.90', '0.08', 'Queue', '1'),
(300, '913122104141', '5', '1.75', '0.1', 'Cascading Style Sheets ', '1'),
(301, '913121104007', '4', '1.50', '0.72', '10011 ', '0'),
(302, '913122104056', '2', '1.92', '0.55', 'O(log n)', '0'),
(303, '913121104042', '5', '2.13', '0.1', 'Cascading Style Sheets ', '1'),
(304, '913121104001', '8', '1.98', '0.33', '36', '0'),
(305, '913122104141', '6', '1.82', '0.07', 'Structured Query Language ', '1'),
(306, '913121104042', '6', '2.20', '0.07', 'Structured Query Language ', '1'),
(307, '913121104007', '5', '1.58', '0.08', 'Cascading Style Sheets ', '1'),
(308, '913122104170', '9', '2.12', '0.32', '121', '0'),
(309, '913122104303', '1', '0.93', '0.93', '36', '0'),
(310, '913121104030', '8', '2.27', '0.3', '36', '0'),
(311, '913121104097', '1', '0.12', '0.88', '36', '0'),
(312, '913121104042', '7', '2.27', '0.07', 'Queue', '1'),
(313, '913122104144', '4', '2.07', '1.15', '11101', '0'),
(314, '913121104007', '6', '1.67', '0.09', 'Structured Query Language ', '1'),
(315, '913122104017', '4', '1.93', '0.41', '11001 ', '1'),
(316, '913121104097', '2', '0.17', '0.32', 'O(n log n) ', '1'),
(317, '913122104076', '4', '2.20', '1.27', '11001 ', '1'),
(318, '913122104141', '7', '1.95', '0.13', 'Queue', '1'),
(319, '913122104002', '4', '2.05', '0.57', '11001 ', '1'),
(320, '913121104063', '3', '2.03', '0.23', 'Queue', '0'),
(321, '913121104017', '4', '2.28', '0.9', '11001 ', '1'),
(322, '91312214057', '3', '2.10', '0.25', 'Stack ', '1'),
(323, '913121104091', '8', '2.17', '0.27', '36', '0'),
(324, '913121104079', '3', '2.05', '0.28', 'Stack ', '1'),
(325, '913123104145', '1', '0.73', '0.73', '36', '0'),
(326, '913121104007', '7', '1.77', '0.1', 'Queue', '1'),
(327, '913122104144', '5', '2.17', '0.1', 'Cascading Style Sheets ', '1'),
(328, '913122104184', '3', '1.97', '0.37', 'Stack ', '1'),
(329, '913121104073', '3', '2.20', '0.35', 'Stack ', '1'),
(330, '913122104076', '5', '2.32', '0.12', 'Cascading Style Sheets ', '1'),
(331, '913121104074', '4', '2.10', '0.68', '11001 ', '1'),
(332, '913122104002', '5', '2.15', '0.1', 'Cascading Style Sheets ', '1'),
(333, '913121104017', '5', '2.40', '0.12', 'Cascading Style Sheets ', '1'),
(334, '913121104030', '9', '2.48', '0.21', '110', '0'),
(335, '913122104097', '2', '1.07', '0.64', 'O(n log n) ', '1'),
(336, '913122104017', '5', '2.10', '0.17', 'Cascading Style Sheets ', '1'),
(337, '913122104056', '3', '2.27', '0.35', 'Stack ', '1'),
(338, '913122104144', '6', '2.27', '0.1', 'Structured Query Language ', '1'),
(339, '913122104170', '10', '2.38', '0.26', 'True ', '1'),
(340, '913122104018', '1', '1.18', '1.18', '36', '0'),
(341, '913121104042', '8', '2.50', '0.23', '36', '0'),
(342, '913122104025', '3', '2.12', '0.44', 'Stack ', '1'),
(343, '913121104074', '5', '2.18', '0.08', 'Cascading Style Sheets ', '1'),
(344, '913122104076', '6', '2.40', '0.08', 'Structured Query Language ', '1'),
(345, '913121104017', '6', '2.48', '0.08', 'Structured Query Language ', '1'),
(346, '913123104160', '1', '0.83', '0.83', '36', '0'),
(347, '913122104017', '6', '2.20', '0.1', 'Structured Query Language ', '1'),
(348, '913122104002', '6', '2.30', '0.15', 'Structured Query Language ', '1'),
(349, '913121104001', '9', '2.38', '0.4', '110', '0'),
(350, '913121104074', '6', '2.27', '0.09', 'Structured Query Language ', '1'),
(351, '913123104086', '1', '0.40', '0.40', '36', '0'),
(352, '913122104066', '4', '2.38', '0.7', '11101', '0'),
(353, '913122104170', '11', '2.50', '0.12', 'Str', '0'),
(354, '913121104109', '9', '2.58', '0.58', '120', '1'),
(355, '91312214057', '4', '2.40', '0.3', '11101', '0'),
(356, '913121104030', '10', '2.67', '0.19', 'True ', '1'),
(357, '913123104181', '1', '1.33', '1.33', '36', '0'),
(358, '913121104007', '8', '2.03', '0.26', '36', '0'),
(359, '913122104076', '7', '2.57', '0.17', 'Queue', '1'),
(360, '913122104141', '8', '2.30', '0.35', '36', '0'),
(361, '913122104009', '2', '2.17', '0.74', 'O(n log n) ', '1'),
(362, '913121104074', '7', '2.35', '0.08', 'Queue', '1'),
(363, '913123104182', '1', '0.95', '0.95', '36', '0'),
(364, '913122104066', '5', '2.48', '0.1', 'Cascading Style Sheets ', '1'),
(365, '913121104091', '9', '2.52', '0.35', '110', '0'),
(366, '913122104097', '3', '1.32', '0.25', 'Stack ', '1'),
(367, '91312214057', '5', '2.48', '0.08', 'Cascading Style Sheets ', '1'),
(368, '913122104018', '2', '1.42', '0.24', 'O(n log n) ', '1'),
(369, '913121104017', '7', '2.70', '0.22', 'Queue', '1'),
(370, '913123104145', '2', '1.12', '0.39', 'O(n log n) ', '1'),
(371, '913122104002', '7', '2.48', '0.18', 'Queue', '1'),
(372, '913122104144', '7', '2.53', '0.26', 'Queue', '1'),
(373, '913122104017', '7', '2.40', '0.2', 'Queue', '1'),
(374, '913122104066', '6', '2.57', '0.09', 'Structured Query Language ', '1'),
(375, '913121104109', '10', '2.75', '0.17', 'True ', '1'),
(376, '91312214057', '6', '2.62', '0.14', 'Structured Query Language ', '1'),
(377, '913122104076', '8', '2.77', '0.2', '36', '0'),
(378, '913121104030', '11', '2.90', '0.23', 'Str', '0'),
(379, '913121104079', '4', '2.57', '0.52', '11001 ', '1'),
(380, '913123104028', '1', '1.12', '1.12', '36', '0'),
(381, '913122104184', '4', '2.48', '0.51', '11001 ', '1'),
(382, '913121104074', '8', '2.58', '0.23', '36', '0'),
(383, '913121104042', '9', '2.90', '0.4', '110', '0'),
(384, '913122104043', '4', '2.87', '1.02', '11001 ', '1'),
(385, '913121104091', '10', '2.72', '0.2', 'True ', '1'),
(386, '913122104012', '3', '2.40', '0.88', 'Stack ', '1'),
(387, '913121104079', '5', '2.65', '0.08', 'Cascading Style Sheets ', '1'),
(388, '913122104066', '7', '2.77', '0.2', 'Queue', '1'),
(389, '913122104009', '3', '2.50', '0.33', 'Stack ', '1'),
(390, '913122104184', '5', '2.58', '0.1', 'Cascading Style Sheets ', '1'),
(391, '913121104017', '8', '2.97', '0.27', '36', '0'),
(392, '913122104056', '4', '2.80', '0.53', '11001 ', '1'),
(393, '91312214057', '7', '2.78', '0.16', 'Queue', '1'),
(394, '913121104042', '10', '3.02', '0.12', 'True ', '1'),
(395, '913123104086', '2', '0.85', '0.45', 'O(n) ', '0'),
(396, '913122104303', '2', '1.73', '0.8', 'O(n) ', '0'),
(397, '913122104043', '5', '3.00', '0.13', 'Cascading Style Sheets ', '1'),
(398, '913122104170', '12', '2.95', '0.45', '6', '0'),
(399, '913122104018', '3', '1.73', '0.31', 'Stack ', '1'),
(400, '913121104105', '4', '2.90', '1.8', '11001 ', '1'),
(401, '913121104007', '9', '2.48', '0.45', '120', '1'),
(402, '913123104160', '2', '1.38', '0.55', 'O(log n)', '0'),
(403, '913122104184', '6', '2.70', '0.12', 'Structured Query Language ', '1'),
(404, '913122104141', '9', '2.75', '0.45', '121', '0'),
(405, '913122104066', '8', '2.92', '0.15', '36', '0'),
(406, '913123104181', '2', '1.83', '0.5', 'O(log n)', '0'),
(407, '913122104025', '4', '2.77', '0.65', '11001 ', '1'),
(408, '913122104056', '5', '2.93', '0.13', 'Cascading Style Sheets ', '1'),
(409, '913121104079', '6', '2.83', '0.18', 'Structured Query Language ', '1'),
(410, '913121104042', '11', '3.17', '0.15', 'Char', '1'),
(411, '913121104074', '9', '2.85', '0.27', '110', '0'),
(412, '913121104030', '12', '3.20', '0.3', '5', '1'),
(413, '913122104043', '6', '3.17', '0.17', 'Structured Query Language ', '1'),
(414, '913122104076', '9', '3.10', '0.33', '121', '0'),
(415, '913121104105', '5', '3.02', '0.12', 'Cascading Style Sheets ', '1'),
(416, '913122104170', '13', '3.12', '0.17', 'ADD', '1'),
(417, '913122104097', '4', '1.83', '0.51', '11001 ', '1'),
(418, '913121104017', '9', '3.20', '0.23', '110', '0'),
(419, '913121104097', '3', '1.12', '0.4', 'Queue', '0'),
(420, '91312214057', '8', '3.03', '0.25', '36', '0'),
(421, '913121104042', '12', '3.27', '0.1', '5', '1'),
(422, '913122104043', '7', '3.25', '0.08', 'Queue', '1'),
(423, '913122104025', '5', '2.92', '0.15', 'Cascading Style Sheets ', '1'),
(424, '913122104056', '6', '3.08', '0.15', 'Structured Query Language ', '1'),
(425, '913122104184', '7', '2.90', '0.2', 'Queue', '1'),
(426, '913122104097', '5', '1.92', '0.09', 'Cascading Style Sheets ', '1'),
(427, '913122104097', '5', '1.92', '0.09', 'Cascading Style Sheets ', '1'),
(428, '913121104079', '7', '3.00', '0.17', 'Queue', '1'),
(429, '913121104007', '10', '2.72', '0.24', 'True ', '1'),
(430, '913121104109', '11', '3.28', '0.53', 'Char', '1'),
(431, '913121104105', '6', '3.15', '0.13', 'Structured Query Language ', '1'),
(432, '913121104063', '4', '3.05', '1.02', '11001 ', '1'),
(433, '913121104047', '9', '3.47', '1.29', '120', '1'),
(434, '913122104002', '8', '3.12', '0.64', '36', '0'),
(435, '913121104017', '10', '3.33', '0.13', 'True ', '1'),
(436, '913121104042', '13', '3.40', '0.13', 'ADD', '1'),
(437, '913121104105', '7', '3.23', '0.08', 'Queue', '1'),
(438, '913123104181', '3', '2.10', '0.27', 'Stack ', '1'),
(439, '913122104076', '10', '3.32', '0.22', 'True ', '1'),
(440, '913123104181', '3', '2.12', '0.27', 'Stack ', '1'),
(441, '913123104182', '2', '1.70', '0.75', 'O(n^2) ', '0'),
(442, '913122104144', '8', '3.22', '0.69', '36', '0'),
(443, '913121104031', '1', '2.12', '2.12', '36', '0'),
(444, '913122104025', '6', '3.07', '0.15', 'Structured Query Language ', '1'),
(445, '913121104030', '13', '3.48', '0.28', 'ADD', '1'),
(446, '913121104079', '8', '3.15', '0.15', '36', '0'),
(447, '913123104028', '2', '1.68', '0.56', 'O(n^2) ', '0'),
(448, '913122104097', '6', '2.07', '0.15', 'Structured Query Language ', '1'),
(449, '913122104012', '4', '2.93', '0.53', '11001 ', '1'),
(450, '913122104043', '8', '3.45', '0.2', '36', '0'),
(451, '913122104056', '7', '3.28', '0.2', 'Queue', '1'),
(452, '913122104066', '9', '3.30', '0.38', '110', '0'),
(453, '913121104007', '11', '2.90', '0.18', 'Str', '0'),
(454, '913121104047', '10', '3.62', '0.15', 'True ', '1'),
(455, '913122104097', '7', '2.15', '0.08', 'Queue', '1'),
(456, '913121104091', '11', '3.35', '0.63', 'Str', '0'),
(457, '913121104071', '4', '3.47', '1.79', '11001 ', '1'),
(458, '913122104141', '10', '3.20', '0.45', 'True ', '1'),
(459, '913121104074', '10', '3.25', '0.4', 'True ', '1'),
(460, '913122104025', '7', '3.20', '0.13', 'Queue', '1'),
(461, '913121104063', '5', '3.30', '0.25', 'Cascading Style Sheets ', '1'),
(462, '913122104170', '14', '3.50', '0.38', 'I', '0'),
(463, '913122104076', '11', '3.52', '0.2', 'Char', '1'),
(464, '913121104109', '12', '3.57', '0.29', '5', '1'),
(465, '913121104109', '12', '3.57', '0.29', '5', '1'),
(466, '913121104042', '14', '3.63', '0.23', 'I', '0'),
(467, '913121104071', '5', '3.55', '0.08', 'Cascading Style Sheets ', '1'),
(468, '913122104094', '1', '1.87', '1.87', '36', '0'),
(469, '913121104047', '11', '3.80', '0.18', 'Char', '1'),
(470, '913121104042', '15', '3.72', '0.09', '=', '1'),
(471, '913121104031', '2', '2.42', '0.3', 'O(log n)', '0'),
(472, '913121104109', '13', '3.70', '0.13', 'ADD', '1'),
(473, '913121104071', '6', '3.65', '0.1', 'Structured Query Language ', '1'),
(474, '913121104063', '6', '3.45', '0.15', 'Structured Query Language ', '1'),
(475, '913121104109', '13', '3.70', '0.13', 'ADD', '1'),
(476, '913121104007', '12', '3.13', '0.23', '5', '1'),
(477, '913122104012', '5', '3.22', '0.29', 'Cascading Style Sheets ', '1'),
(478, '913121104074', '11', '3.43', '0.18', 'Str', '0'),
(479, '913122104012', '5', '3.23', '0.29', 'Cascading Style Sheets ', '1'),
(480, '913121104105', '8', '3.58', '0.35', '36', '0'),
(481, '913122104303', '3', '2.48', '0.75', 'Queue', '0'),
(482, '913122104017', '8', '3.42', '1.02', '36', '0'),
(483, '913122104097', '8', '2.40', '0.25', '36', '0'),
(484, '913122104170', '15', '3.70', '0.2', '=', '1'),
(485, '913121104091', '12', '3.62', '0.27', '5', '1'),
(486, '913121104030', '14', '3.85', '0.37', 'I', '0'),
(487, '913121104071', '7', '3.73', '0.08', 'Queue', '1'),
(488, '913123104182', '3', '2.12', '0.42', 'Stack ', '1'),
(489, '913121104063', '7', '3.57', '0.12', 'Stack', '0'),
(490, '913121104047', '12', '3.95', '0.15', '5', '1'),
(491, '913122104025', '8', '3.50', '0.3', '36', '0'),
(492, '913122104009', '4', '3.38', '0.88', '11001 ', '1'),
(493, '913121104017', '11', '3.83', '0.5', 'Str', '0'),
(494, '913123104086', '3', '1.77', '0.92', 'Queue', '0'),
(495, '913121104079', '9', '3.63', '0.48', '121', '0'),
(496, '913121104071', '8', '3.85', '0.12', '36', '0'),
(497, '913122104012', '6', '3.42', '0.2', 'Structured Query Language ', '1'),
(498, '913121104007', '13', '3.33', '0.2', 'ADD', '1'),
(499, '913122104018', '4', '2.67', '0.94', '11101', '0'),
(500, '913122104009', '5', '3.52', '0.14', 'Cascading Style Sheets ', '1'),
(501, '913123104114', '2', '3.27', '1.99', 'O(n^2) ', '0'),
(502, '913123104114', '2', '3.27', '1.99', 'O(n^2) ', '0'),
(503, '913121104097', '4', '1.93', '0.33', '11001 ', '1'),
(504, '91312214057', '9', '3.83', '0.8', '121', '0'),
(505, '913121104017', '12', '4.03', '0.2', '5', '1'),
(506, '913121104109', '14', '4.05', '0.35', 'I', '0'),
(507, '913121104109', '14', '4.05', '0.35', 'I', '0'),
(508, '913121104030', '15', '4.15', '0.3', '=', '1'),
(509, '913122104018', '5', '2.80', '0.13', 'Cascading Style Sheets ', '1'),
(510, '913122104012', '7', '3.58', '0.16', 'Queue', '1'),
(511, '913122104184', '8', '3.72', '0.82', '36', '0'),
(512, '913121104091', '13', '3.93', '0.31', 'ADD', '1'),
(513, '913121104097', '5', '2.03', '0.1', 'Cascading Style Sheets ', '1'),
(514, '913121104047', '13', '4.25', '0.3', 'ADD', '1'),
(515, '913121104001', '10', '4.00', '1.62', 'True ', '1'),
(516, '913123104145', '3', '2.55', '1.43', 'Queue', '0'),
(517, '913122104076', '12', '4.08', '0.56', '6', '0'),
(518, '913122104056', '8', '3.97', '0.69', '36', '0'),
(519, '913122104141', '11', '3.82', '0.62', 'Str', '0'),
(520, '913122104066', '10', '3.98', '0.68', 'True ', '1'),
(521, '913122104009', '6', '3.70', '0.18', 'Structured Query Language ', '1'),
(522, '913121104079', '10', '3.90', '0.27', 'Error', '0'),
(523, '913121104074', '12', '3.92', '0.49', 'Error', '0'),
(524, '913121104017', '13', '4.18', '0.15', 'ADD', '1'),
(525, '913121104097', '6', '2.12', '0.09', 'Structured Query Language ', '1'),
(526, '913122104018', '6', '2.93', '0.13', 'Structured Query Language ', '1'),
(527, '913123104158', '1', '1.32', '1.32', '36', '0'),
(528, '913122104043', '9', '4.25', '0.8', '110', '0'),
(529, '913121104031', '3', '2.97', '0.55', 'Stack ', '1'),
(530, '913121104073', '4', '4.10', '1.9', '11001 ', '1'),
(531, '913122104018', '7', '3.02', '0.09', 'Queue', '1'),
(532, '913121104074', '13', '4.02', '0.1', 'ADD', '1'),
(533, '913121104007', '14', '3.73', '0.4', 'I', '0'),
(534, '913122104076', '13', '4.25', '0.17', 'ADD', '1'),
(535, '91312214057', '10', '4.12', '0.29', 'True ', '1'),
(536, '913122104012', '8', '3.85', '0.27', '36', '0'),
(537, '913123104160', '3', '2.65', '1.27', 'Queue', '0'),
(538, '913122104141', '12', '4.02', '0.2', '6', '0'),
(539, '913122104002', '9', '4.13', '1.01', '121', '0'),
(540, '913121104109', '15', '4.35', '0.3', '=', '1'),
(541, '913122104066', '11', '4.20', '0.22', 'Str', '0'),
(542, '913122104097', '9', '3.05', '0.65', '120', '1'),
(543, '913121104097', '7', '2.32', '0.2', 'Stack', '0'),
(544, '913122104017', '9', '4.08', '0.66', '121', '0'),
(545, '913121104073', '5', '4.27', '0.17', 'Cascading Style Sheets ', '1'),
(546, '913121104007', '15', '3.87', '0.14', '=', '1'),
(547, '913121104091', '14', '4.30', '0.37', 'I', '0'),
(548, '913123104114', '3', '3.73', '0.46', 'Stack ', '1'),
(549, '913121104105', '9', '4.35', '0.77', '120', '1'),
(550, '913121104079', '11', '4.23', '0.33', 'Str', '0'),
(551, '913122104009', '7', '4.05', '0.35', 'Queue', '1'),
(552, '913121104073', '6', '4.35', '0.08', 'Structured Query Language ', '1'),
(553, '913121104001', '11', '4.38', '0.38', 'Str', '0'),
(554, '913122104094', '2', '2.73', '0.86', 'O(n^2) ', '0'),
(555, '913122104097', '10', '3.22', '0.17', 'True ', '1'),
(556, '913122104097', '10', '3.22', '0.17', 'True ', '1'),
(557, '913122104043', '10', '4.60', '0.35', 'Error', '0'),
(558, '913121104007', '16', '4.02', '0.15', 'O(2^n)', '1'),
(559, '913123104028', '3', '2.87', '1.19', 'Linked List ', '0'),
(560, '913122104002', '10', '4.38', '0.25', 'Error', '0'),
(561, '913122104017', '10', '4.30', '0.22', 'True ', '1'),
(562, '913121104073', '7', '4.45', '0.1', 'Queue', '1'),
(563, '913121104047', '14', '4.77', '0.52', 'I', '0'),
(564, '913123104182', '4', '2.97', '0.85', '11101', '0'),
(565, '913122104018', '8', '3.38', '0.36', '36', '0'),
(566, '913121104091', '15', '4.50', '0.2', '=', '1'),
(567, '913121104074', '14', '4.42', '0.4', 'I', '0'),
(568, '913121104071', '9', '4.63', '0.78', '121', '0'),
(569, '913122104184', '9', '4.33', '0.61', '121', '0'),
(570, '913121104097', '8', '2.62', '0.3', '36', '0'),
(571, '913121104030', '16', '4.80', '0.65', 'O(n!)', '0'),
(572, '913122104056', '9', '4.57', '0.6', '110', '0'),
(573, '913122104141', '13', '4.42', '0.4', 'ADD', '1'),
(574, '913121104079', '12', '4.47', '0.24', '6', '0'),
(575, '913121104105', '10', '4.62', '0.27', 'True ', '1'),
(576, '913123104086', '4', '2.65', '0.88', '10011 ', '0'),
(577, '913122104303', '4', '3.55', '1.07', '11001 ', '1'),
(578, '913122104170', '16', '4.75', '1.05', 'O(log n)', '0'),
(579, '91312214057', '11', '4.63', '0.51', 'Str', '0'),
(580, '913122104076', '14', '4.77', '0.52', 'I', '0'),
(581, '913122104066', '12', '4.70', '0.5', '5', '1'),
(582, '913121104073', '8', '4.70', '0.25', '36', '0'),
(583, '913122104303', '5', '3.67', '0.12', 'Cascading Style Sheets ', '1'),
(584, '913122104094', '3', '3.15', '0.42', 'Stack ', '1'),
(585, '913121104079', '13', '4.67', '0.2', 'ADD', '1'),
(586, '913122104043', '11', '4.97', '0.37', 'Str', '0'),
(587, '913122104018', '9', '3.68', '0.3', '110', '0'),
(588, '913123104086', '5', '2.83', '0.18', 'Creative Style Sheets ', '0'),
(589, '913121104105', '11', '4.85', '0.23', 'Str', '0'),
(590, '913121104001', '12', '4.85', '0.47', '5', '1'),
(591, '913122104012', '9', '4.52', '0.67', '121', '0'),
(592, '913122104025', '9', '4.67', '1.17', '120', '1'),
(593, '913121104074', '15', '4.73', '0.31', '==', '0'),
(594, '913122104097', '11', '3.67', '0.45', 'Char', '1'),
(595, '913122104097', '11', '3.67', '0.45', 'Char', '1'),
(596, '913122104303', '6', '3.78', '0.11', 'Structured Query Language ', '1'),
(597, '913121104047', '15', '5.17', '0.4', '=', '1'),
(598, '913122104056', '10', '4.88', '0.31', 'True ', '1'),
(599, '91312214057', '12', '4.87', '0.24', '6', '0'),
(600, '913122104184', '10', '4.70', '0.37', 'True ', '1'),
(601, '913123104086', '6', '2.93', '0.1', 'Structured Query Language ', '1'),
(602, '913121104063', '8', '4.83', '1.26', '49', '1'),
(603, '913121104007', '17', '4.53', '0.51', 'Error', '0'),
(604, '913121104097', '9', '3.02', '0.4', '110', '0'),
(605, '913122104170', '17', '5.07', '0.32', '10', '1'),
(606, '913122104018', '10', '3.87', '0.19', 'True ', '1'),
(607, '913121104105', '12', '5.00', '0.15', '5', '1'),
(608, '913121104017', '14', '5.13', '0.95', 'I', '0'),
(609, '913122104017', '11', '4.83', '0.53', 'Str', '0'),
(610, '913121104030', '17', '5.25', '0.45', 'Error', '0'),
(611, '913122104076', '15', '5.15', '0.38', '=', '1'),
(612, '913122104097', '12', '3.85', '0.18', '5', '1'),
(613, '913123104086', '7', '3.08', '0.15', 'Stack', '0'),
(614, '913122104066', '13', '5.05', '0.35', 'ADD', '1'),
(615, '913121104074', '16', '4.98', '0.25', 'O(log n)', '0'),
(616, '913123104181', '4', '3.98', '1.88', '11001 ', '1'),
(617, '913122104002', '11', '5.03', '0.65', 'Str', '0'),
(618, '91312214057', '13', '5.07', '0.2', 'ADD', '1'),
(619, '913121104105', '13', '5.17', '0.17', 'ADD', '1'),
(620, '913123104182', '5', '3.62', '0.65', 'Cascading Style Sheets ', '1'),
(621, '913122104043', '12', '5.35', '0.38', 'Error', '0'),
(622, '913122104184', '11', '4.97', '0.27', 'Char', '1'),
(623, '913121104001', '13', '5.25', '0.4', 'ADD', '1'),
(624, '913122104025', '10', '5.05', '0.38', 'True ', '1'),
(625, '913121104073', '9', '5.23', '0.53', '110', '0'),
(626, '913121104017', '15', '5.40', '0.27', '=', '1'),
(627, '913121104079', '14', '5.13', '0.46', 'I', '0'),
(628, '913121104030', '18', '5.48', '0.23', 'It is a destructor method', '0'),
(629, '913123104181', '5', '4.18', '0.2', 'Cascading Style Sheets ', '1'),
(630, '913122104002', '12', '5.23', '0.2', '6', '0'),
(631, '913122104141', '14', '5.15', '0.73', 'I', '0'),
(632, '913122104094', '4', '3.68', '0.53', '11001 ', '1'),
(633, '913122104303', '7', '4.23', '0.45', 'Stack', '0'),
(634, '913122104043', '13', '5.52', '0.17', 'ADD', '1'),
(635, '913121104007', '18', '4.97', '0.44', 'It is called when the object is created', '1'),
(636, '91312214057', '14', '5.35', '0.28', 'I', '0'),
(637, '913122104017', '12', '5.22', '0.39', '6', '0'),
(638, '913121104079', '15', '5.27', '0.14', '=', '1'),
(639, '913123104160', '4', '3.87', '1.22', '11010', '0'),
(640, '913122104076', '16', '5.52', '0.37', 'O(n!)', '0'),
(641, '913121104071', '10', '5.52', '0.89', 'True ', '1'),
(642, '913121104031', '4', '4.30', '1.33', '11001 ', '1'),
(643, '913121104105', '14', '5.45', '0.28', 'I', '0'),
(644, '913122104094', '5', '3.80', '0.12', 'Cascading Style Sheets ', '1'),
(645, '913122104184', '12', '5.23', '0.26', '6', '0'),
(646, '913122104170', '18', '5.57', '0.5', 'It is called when the object is created', '1'),
(647, '913123104182', '6', '3.93', '0.31', 'Sequential Query Language ', '0'),
(648, '913121104097', '10', '3.55', '0.53', 'None', '0'),
(649, '913122104141', '15', '5.32', '0.17', '=', '1'),
(650, '913121104063', '9', '5.40', '0.57', '121', '0'),
(651, '913122104097', '13', '4.30', '0.45', 'ADD', '1'),
(652, '913123104158', '2', '2.75', '1.43', 'O(n) ', '0'),
(653, '913123104145', '4', '4.08', '1.53', '10011 ', '0'),
(654, '913121104074', '17', '5.40', '0.42', '10', '1'),
(655, '91312214057', '15', '5.50', '0.15', '=', '1'),
(656, '913122104056', '11', '5.52', '0.64', 'Str', '0'),
(657, '913121104073', '10', '5.53', '0.3', 'True ', '1'),
(658, '913123104086', '8', '3.57', '0.49', '49', '1'),
(659, '913121104042', '16', '5.77', '2.05', 'O(2^n)', '1'),
(660, '913122104012', '10', '5.23', '0.71', 'Error', '0'),
(661, '913122104002', '13', '5.50', '0.27', 'DELETE', '0'),
(662, '913122104012', '10', '5.23', '0.71', 'Error', '0'),
(663, '913121104031', '5', '4.47', '0.17', 'Cascading Style Sheets ', '1'),
(664, '913123104182', '7', '4.08', '0.15', 'Queue', '1'),
(665, '913123104145', '5', '4.18', '0.1', 'Cascading Style Sheets ', '1'),
(666, '913122104043', '14', '5.78', '0.26', 'I', '0'),
(667, '913123104181', '6', '4.52', '0.34', 'Standard Query Language ', '0'),
(668, '913122104094', '6', '4.02', '0.22', 'Structured Query Language ', '1'),
(669, '913122104066', '14', '5.65', '0.6', 'I', '0'),
(670, '913122104025', '11', '5.50', '0.45', 'Str', '0'),
(671, '913122104009', '8', '5.38', '1.33', '36', '0'),
(672, '913122104076', '17', '5.82', '0.3', '10', '1'),
(673, '913121104079', '16', '5.60', '0.33', 'O(log n)', '0'),
(674, '913121104105', '15', '5.75', '0.3', '=', '1'),
(675, '913123104145', '6', '4.30', '0.12', 'Structured Query Language ', '1'),
(676, '913121104031', '6', '4.62', '0.15', 'Structured Query Language ', '1'),
(677, '913121104063', '10', '5.63', '0.23', 'True ', '1'),
(678, '913121104073', '11', '5.72', '0.19', 'float', '0'),
(679, '913122104303', '8', '4.65', '0.42', '36', '0'),
(680, '913123104028', '4', '4.17', '1.3', '11001 ', '1'),
(681, '913121104071', '11', '5.87', '0.35', 'Char', '1'),
(682, '913122104043', '15', '5.95', '0.17', '=', '1'),
(683, '913122104094', '7', '4.15', '0.13', 'Queue', '1'),
(684, '913121104097', '11', '3.87', '0.32', 'Str', '0'),
(685, '913122104056', '12', '5.80', '0.28', '6', '0'),
(686, '913121104074', '18', '5.72', '0.32', 'It initializes the class attributes', '0'),
(687, '913122104184', '13', '5.63', '0.4', 'ADD', '1'),
(688, '913122104017', '13', '5.68', '0.46', 'ADD', '1'),
(689, '913123104160', '5', '4.33', '0.46', 'Cascading Style Sheets ', '1'),
(690, '913122104018', '11', '4.75', '0.88', 'Char', '1'),
(691, '913121104042', '17', '6.07', '0.3', 'Error', '0'),
(692, '913122104086', '1', '0.75', '0.75', '36', '0'),
(693, '913122104076', '18', '6.00', '0.18', 'It is called when the object is created', '1'),
(694, '913121104030', '19', '6.15', '0.67', 'Compiler Error', '1'),
(695, '913123104086', '9', '3.97', '0.4', '121', '0'),
(696, '913123104145', '7', '4.53', '0.23', 'Stack', '0'),
(697, '91312214057', '16', '5.95', '0.45', 'O(n!)', '0'),
(698, '913122104018', '12', '4.87', '0.12', '6', '0'),
(699, '913122104056', '13', '5.98', '0.18', 'ADD', '1'),
(700, '913122104097', '14', '4.80', '0.5', 'I', '0'),
(701, '913121104097', '12', '4.08', '0.21', '5', '1'),
(702, '913121104031', '7', '4.92', '0.3', 'Queue', '1'),
(703, '913123104086', '10', '4.05', '0.08', 'True ', '1'),
(704, '913123104181', '7', '4.92', '0.4', 'Queue', '1'),
(705, '913122104002', '14', '5.98', '0.48', 'I', '0'),
(706, '913122104086', '2', '0.93', '0.18', 'O(n log n) ', '1'),
(707, '913121104042', '18', '6.28', '0.21', 'It initializes the class attributes', '0'),
(708, '913121104109', '16', '6.23', '1.88', 'O(n)', '0'),
(709, '913121104109', '16', '6.23', '1.88', 'O(n)', '0'),
(710, '913121104071', '12', '6.20', '0.33', '6', '0'),
(711, '913121104063', '11', '6.02', '0.39', 'Char', '1'),
(712, '913122104141', '16', '5.95', '0.63', 'O(n!)', '0'),
(713, '913122104012', '11', '5.78', '0.55', 'float', '0'),
(714, '913121104073', '12', '6.12', '0.4', '5', '1'),
(715, '913122104025', '12', '5.95', '0.45', '5', '1'),
(716, '913123104086', '11', '4.20', '0.15', 'Str', '0'),
(717, '913121104071', '13', '6.28', '0.08', 'ADD', '1'),
(718, '913122104097', '15', '5.00', '0.2', '=', '1'),
(719, '913121104017', '16', '6.37', '0.97', 'O(n!)', '0'),
(720, '913121104097', '13', '4.30', '0.22', 'ADD', '1'),
(721, '913123104181', '8', '5.12', '0.2', '36', '0'),
(722, '913121104079', '17', '6.13', '0.53', '10', '1'),
(723, '913121104073', '13', '6.23', '0.11', 'ADD', '1'),
(724, '913122104086', '3', '1.12', '0.19', 'Stack ', '1'),
(725, '913121104074', '19', '6.18', '0.46', 'Runtime Error', '0'),
(726, '913123104182', '8', '4.78', '0.7', '36', '0'),
(727, '913121104007', '19', '5.90', '0.93', 'Compiler Error', '1'),
(728, '913122104012', '12', '6.00', '0.22', '6', '0'),
(729, '913122104012', '12', '6.00', '0.22', '6', '0'),
(730, '913122104043', '16', '6.50', '0.55', 'O(2^n)', '1'),
(731, '913121104001', '14', '6.35', '1.1', 'I', '0'),
(732, '913122104141', '17', '6.18', '0.23', '10', '1'),
(733, '913121104031', '8', '5.25', '0.33', '36', '0'),
(734, '913122104066', '15', '6.42', '0.77', '==', '0'),
(735, '913123104086', '12', '4.47', '0.27', '6', '0'),
(736, '913122104303', '9', '5.37', '0.72', '121', '0'),
(737, '913123104028', '5', '4.90', '0.73', 'Creative Style Sheets ', '0'),
(738, '913122104025', '13', '6.30', '0.35', 'ADD', '1'),
(739, '913121104079', '18', '6.37', '0.24', 'It initializes the class attributes', '0'),
(740, '913123104086', '13', '4.55', '0.08', 'ADD', '1'),
(741, '913121104071', '14', '6.63', '0.35', 'I', '0'),
(742, '913122104170', '19', '6.63', '1.06', 'Compiler Error', '1'),
(743, '913123104181', '9', '5.43', '0.31', '110', '0'),
(744, '913121104073', '14', '6.53', '0.3', 'I', '0'),
(745, '913122104056', '14', '6.55', '0.57', 'I', '0'),
(746, '913123104145', '8', '5.13', '0.6', '36', '0'),
(747, '913122104018', '13', '5.48', '0.61', 'ADD', '1'),
(748, '913122104012', '13', '6.27', '0.27', 'ADD', '1'),
(749, '91312214057', '17', '6.57', '0.62', '10', '1'),
(750, '913121104017', '17', '6.78', '0.41', '10', '1'),
(751, '913123104158', '3', '3.88', '1.13', 'Linked List ', '0'),
(752, '913121104001', '15', '6.65', '0.3', '=', '1'),
(753, '913123104158', '3', '3.90', '1.13', 'Linked List ', '0'),
(754, '913122104002', '15', '6.60', '0.62', '!=', '0'),
(755, '913123104028', '6', '5.10', '0.2', 'Structured Query Language ', '1'),
(756, '913121104030', '20', '6.92', '0.77', '10', '1'),
(757, '913122104184', '14', '6.48', '0.85', 'I', '0'),
(758, '913121104042', '19', '6.92', '0.64', 'Runtime Error', '0'),
(759, '913123104160', '6', '5.18', '0.85', 'Structured Query Language ', '1'),
(760, '913123104181', '10', '5.60', '0.17', 'True ', '1'),
(761, '913123104160', '6', '5.18', '0.85', 'Structured Query Language ', '1'),
(762, '913122104141', '18', '6.58', '0.4', 'It initializes the class attributes', '0'),
(763, '913121104063', '12', '6.67', '0.65', '6', '0'),
(764, '913123104086', '14', '4.78', '0.23', 'I', '0'),
(765, '913121104071', '15', '6.92', '0.29', '=', '1'),
(766, '913122104056', '15', '6.80', '0.25', '=', '1'),
(767, '913121104097', '14', '4.90', '0.6', 'I', '0'),
(768, '913123104028', '7', '5.27', '0.17', 'Tree', '0'),
(769, '913121104074', '20', '6.75', '0.57', '1', '0'),
(770, '913122104076', '19', '6.97', '0.97', '10', '0'),
(771, '913121104091', '16', '6.87', '2.37', 'O(n!)', '0'),
(772, '913121104109', '17', '7.02', '0.79', '10', '1'),
(773, '913121104109', '17', '7.02', '0.79', '10', '1'),
(774, '913121104007', '20', '6.45', '0.55', '10', '1'),
(775, '91312214057', '18', '6.85', '0.28', 'It initializes the class attributes', '0'),
(776, '913122104097', '16', '5.70', '0.7', 'O(n!)', '0'),
(777, '913123104160', '7', '5.38', '0.2', 'Stack', '0'),
(778, '913122104086', '4', '1.77', '0.65', '11001 ', '1'),
(779, '913122104184', '15', '6.72', '0.24', '=', '1'),
(780, '913121104030', '21', '7.17', '0.25', 'To execute code regardless of whether an exception occurs or not', '1'),
(781, '913121104073', '15', '6.92', '0.39', '=', '1'),
(782, '913122104017', '14', '6.78', '1.1', 'I', '0'),
(783, '913123104086', '15', '4.97', '0.19', '=', '1'),
(784, '913122104009', '9', '6.67', '1.29', '110', '0'),
(785, '913121104042', '20', '7.18', '0.26', '10', '1'),
(786, '913121104097', '15', '5.08', '0.18', '=', '1'),
(787, '913121104105', '16', '7.05', '1.3', 'O(n!)', '0'),
(788, '913122104043', '17', '7.22', '0.72', '10', '1'),
(789, '913122104086', '5', '1.92', '0.15', 'Cascading Style Sheets ', '1'),
(790, '913123104114', '4', '6.50', '2.77', '11001 ', '1'),
(791, '913121104031', '9', '5.95', '0.7', '110', '0'),
(792, '913123104160', '8', '5.53', '0.15', '36', '0'),
(793, '913121104063', '13', '6.97', '0.3', 'ADD', '1'),
(794, '913122104017', '15', '6.95', '0.17', '=', '1'),
(795, '913122104303', '10', '6.02', '0.65', 'None', '0'),
(796, '913123104181', '11', '6.02', '0.42', 'Char', '1'),
(797, '913121104001', '16', '7.22', '0.57', 'O(2^n)', '1'),
(798, '913122104086', '6', '2.05', '0.13', 'Structured Query Language ', '1'),
(799, '913121104042', '21', '7.45', '0.27', 'To execute code regardless of whether an exception occurs or not', '1'),
(800, '913123104182', '9', '5.73', '0.95', '120', '1'),
(801, '913123104181', '12', '6.17', '0.15', '6', '0'),
(802, '913122104086', '7', '2.13', '0.08', 'Queue', '1'),
(803, '913123104086', '16', '5.32', '0.35', 'O(n)', '0'),
(804, '913122104303', '11', '6.22', '0.2', 'Str', '0'),
(805, '913121104097', '16', '5.38', '0.3', 'O(n!)', '0'),
(806, '913122104012', '14', '6.98', '0.71', 'I', '0'),
(807, '913121104074', '21', '7.22', '0.47', 'To execute code regardless of whether an exception occurs or not', '1'),
(808, '913121104109', '18', '7.53', '0.51', 'It initializes the class attributes', '0'),
(809, '913122104018', '14', '6.28', '0.8', 'I', '0'),
(810, '913122104094', '8', '5.77', '1.62', '36', '0'),
(811, '913122104009', '10', '7.15', '0.48', 'True ', '1'),
(812, '913122104002', '16', '7.38', '0.78', 'O(2^n)', '1'),
(813, '913122104144', '9', '7.47', '4.25', '121', '0'),
(814, '913123104086', '17', '5.50', '0.18', '10', '1'),
(815, '913121104071', '16', '7.58', '0.66', 'O(n)', '0'),
(816, '913123104181', '13', '6.40', '0.23', 'DELETE', '0'),
(817, '913122104170', '20', '7.62', '0.99', '5', '0'),
(818, '913123104028', '8', '5.95', '0.68', '36', '0'),
(819, '913122104043', '18', '7.73', '0.51', 'It is called when the object is created', '1'),
(820, '913122104066', '16', '7.57', '1.15', 'O(n!)', '0'),
(821, '913122104018', '15', '6.47', '0.19', '=', '1'),
(822, '913121104007', '21', '7.17', '0.72', 'To execute code regardless of whether an exception occurs or not', '1'),
(823, '913121104001', '17', '7.60', '0.38', '10', '1'),
(824, '913121104063', '14', '7.48', '0.51', 'I', '0'),
(825, '913123104182', '10', '6.07', '0.34', 'True ', '1'),
(826, '913121104042', '22', '7.80', '0.35', '1 3', '1'),
(827, '913122104144', '10', '7.65', '0.18', 'True ', '1'),
(828, '913121104031', '10', '6.55', '0.6', 'Error', '0'),
(829, '913122104025', '14', '7.52', '1.22', 'I', '0'),
(830, '913122104076', '20', '7.80', '0.83', '1', '0'),
(831, '913123104086', '18', '5.72', '0.22', 'It initializes the class attributes', '0'),
(832, '913122104012', '15', '7.38', '0.4', '==', '0'),
(833, '913122104097', '17', '6.53', '0.83', 'Error', '0'),
(834, '913122104303', '12', '6.65', '0.43', '6', '0'),
(835, '913121104001', '18', '7.80', '0.2', 'It initializes the class attributes', '0'),
(836, '913123104114', '5', '7.22', '0.72', 'Computer Style Sheets ', '0'),
(837, '913123104181', '14', '6.67', '0.27', 'I', '0'),
(838, '913122104009', '11', '7.52', '0.37', 'Str', '0'),
(839, '913121104063', '15', '7.73', '0.25', '=', '1'),
(840, '913121104042', '23', '8.03', '0.23', '[1, 2, 3, [4, 5]]', '0'),
(841, '913121104074', '22', '7.72', '0.5', '1 3', '1'),
(842, '913121104071', '17', '7.97', '0.39', '10', '1'),
(843, '913122104170', '21', '7.97', '0.35', 'To execute code regardless of whether an exception occurs or not', '1'),
(844, '913122104017', '16', '7.70', '0.75', 'O(n)', '0'),
(845, '913122104025', '15', '7.70', '0.18', '=', '1'),
(846, '913121104017', '18', '8.05', '1.27', 'It is called when the object is created', '1'),
(847, '913121104105', '17', '7.93', '0.88', 'Error', '0'),
(848, '913121104091', '17', '7.95', '1.08', 'Error', '0'),
(849, '913123104160', '9', '6.43', '0.9', '121', '0'),
(850, '913122104002', '17', '7.92', '0.54', '10', '1'),
(851, '913121104031', '11', '6.87', '0.32', 'Char', '1'),
(852, '913122104086', '8', '2.83', '0.7', '49', '1'),
(853, '913123104181', '15', '6.87', '0.2', '=', '1'),
(854, '913122104076', '21', '8.10', '0.3', 'To execute code regardless of whether an exception occurs or not', '1'),
(855, '913123104182', '11', '6.48', '0.41', 'float', '0'),
(856, '913122104018', '16', '6.90', '0.43', 'O(log n)', '0'),
(857, '913122104144', '11', '8.00', '0.35', 'Char', '1'),
(858, '913123104158', '4', '5.28', '1.4', '11101', '0'),
(859, '913122104186', '1', '0.55', '0.55', '36', '0'),
(860, '913123104145', '9', '6.65', '1.52', '120', '1'),
(861, '913123104114', '6', '7.52', '0.3', 'Structured Query Language ', '1'),
(862, '913123104114', '6', '7.52', '0.3', 'Structured Query Language ', '1'),
(863, '913123104086', '19', '6.10', '0.38', '20', '0'),
(864, '913123104160', '10', '6.58', '0.15', 'True ', '1'),
(865, '913121104071', '18', '8.25', '0.28', 'It is a destructor method', '0'),
(866, '913122104303', '13', '7.05', '0.4', 'ADD', '1'),
(867, '913121104097', '17', '6.23', '0.85', '10', '1'),
(868, '913123104181', '16', '7.05', '0.18', 'O(n)', '0'),
(869, '913122104012', '16', '7.85', '0.47', 'O(log n)', '0'),
(870, '913122104012', '16', '7.85', '0.47', 'O(log n)', '0'),
(871, '913122104012', '16', '7.85', '0.47', 'O(log n)', '0'),
(872, '913121104074', '23', '8.07', '0.35', '[1, 2, 3, 4, 5]', '1'),
(873, '913122104002', '18', '8.18', '0.26', 'It initializes the class attributes', '0'),
(874, '91312214057', '19', '8.23', '1.38', 'Compiler Error', '1');
INSERT INTO `stud` (`SNO`, `regno`, `question`, `time`, `timer`, `yanswer`, `value`) VALUES
(875, '913122104066', '17', '8.25', '0.68', '10', '1'),
(876, '913122104094', '9', '6.68', '0.91', '121', '0'),
(877, '913122104144', '12', '8.32', '0.32', '5', '1'),
(878, '913123104114', '7', '7.77', '0.25', 'Queue', '1'),
(879, '913123104114', '7', '7.77', '0.25', 'Queue', '1'),
(880, '913123104182', '12', '6.82', '0.34', '5', '1'),
(881, '913121104031', '12', '7.25', '0.38', '5', '1'),
(882, '913123104145', '10', '6.95', '0.3', 'True ', '1'),
(883, '913121104091', '18', '8.40', '0.45', 'It initializes the class attributes', '0'),
(884, '913123104086', '20', '6.42', '0.32', '5', '0'),
(885, '913123104181', '17', '7.30', '0.25', '10', '1'),
(886, '913121104042', '24', '8.62', '0.59', '512', '1'),
(887, '913122104186', '2', '0.93', '0.38', 'O(n) ', '0'),
(888, '913122104043', '19', '8.62', '0.89', 'Compiler Error', '1'),
(889, '913122104012', '17', '8.13', '0.28', '10', '1'),
(890, '913122104086', '9', '3.32', '0.49', '121', '0'),
(891, '913121104097', '18', '6.55', '0.32', 'It initializes the class attributes', '0'),
(892, '913122104017', '17', '8.32', '0.62', 'Error', '0'),
(893, '913121104030', '22', '8.73', '1.56', '1 3', '1'),
(894, '913122104097', '18', '7.30', '0.77', 'It initializes the class attributes', '0'),
(895, '913122104033', '1', '0.88', '0.88', '36', '0'),
(896, '913123104158', '5', '5.77', '0.49', 'Creative Style Sheets ', '0'),
(897, '913121104079', '19', '8.42', '2.05', 'Compiler Error', '1'),
(898, '913121104105', '18', '8.60', '0.67', 'It initializes the class attributes', '0'),
(899, '913123104181', '18', '7.47', '0.17', 'It is a destructor method', '0'),
(900, '913121104063', '16', '8.48', '0.75', 'O(log n)', '0'),
(901, '913123104086', '21', '6.60', '0.18', 'To execute code regardless of whether an exception occurs or not', '1'),
(902, '913121104123', '1', '0.98', '0.98', '36', '0'),
(903, '913123104158', '6', '5.87', '0.1', 'Structured Query Language ', '1'),
(904, '913122104141', '19', '8.47', '1.89', 'Compiler Error', '1'),
(905, '913121104042', '25', '8.83', '0.21', 'el', '0'),
(906, '913122104076', '22', '8.77', '0.67', '2 4', '0'),
(907, '913122104066', '18', '8.65', '0.4', 'It is a destructor method', '0'),
(908, '913121104017', '19', '8.82', '0.77', 'Compiler Error', '1'),
(909, '913123104160', '11', '7.15', '0.57', 'Char', '1'),
(910, '913122104303', '14', '7.60', '0.55', 'I', '0'),
(911, '913122104144', '13', '8.70', '0.38', 'ADD', '1'),
(912, '913122104009', '12', '8.47', '0.95', '6', '0'),
(913, '913122104186', '3', '1.25', '0.32', 'Stack ', '1'),
(914, '913121104031', '13', '7.65', '0.4', 'ADD', '1'),
(915, '913121104074', '24', '8.70', '0.63', '512', '1'),
(916, '913122104012', '18', '8.48', '0.35', 'It initializes the class attributes', '0'),
(917, '913122104033', '2', '1.22', '0.34', 'O(n log n) ', '1'),
(918, '913121104097', '19', '6.90', '0.35', 'Compiler Error', '1'),
(919, '913123104145', '11', '7.42', '0.47', 'Char', '1'),
(920, '913122104163', '1', '0.88', '0.88', '36', '0'),
(921, '913121104001', '19', '8.87', '1.07', '20', '0'),
(922, '913123104114', '8', '8.28', '0.51', '36', '0'),
(923, '913123104158', '7', '6.12', '0.25', 'Stack', '0'),
(924, '913123104182', '13', '7.38', '0.56', 'ADD', '1'),
(925, '913121104091', '19', '8.92', '0.52', 'Compiler Error', '1'),
(926, '913122104170', '22', '9.05', '1.08', '1 3', '1'),
(927, '913123104160', '12', '7.42', '0.27', '6', '0'),
(928, '913122104076', '23', '9.07', '0.3', '[1, 2, 3, [4, 5]]', '0'),
(929, '913123104086', '22', '7.02', '0.42', '1 2', '0'),
(930, '91312214057', '20', '8.97', '0.74', '1', '0'),
(931, '913122104303', '15', '7.92', '0.32', '=', '1'),
(932, '913121104030', '23', '9.25', '0.52', '[1, 2, 3, [4, 5]]', '0'),
(933, '913122104094', '10', '7.38', '0.7', 'True ', '1'),
(934, '913121104123', '2', '1.42', '0.44', 'O(n log n) ', '1'),
(935, '913122104151', '1', '1.50', '1.50', '36', '0'),
(936, '913123104158', '8', '6.30', '0.18', '36', '0'),
(937, '913123104028', '9', '7.50', '1.55', '121', '0'),
(938, '913121104031', '14', '7.98', '0.33', 'I', '0'),
(939, '913121104001', '20', '9.12', '0.25', '10', '1'),
(940, '913122104018', '17', '7.98', '1.08', 'Error', '0'),
(941, '913122104009', '13', '8.82', '0.35', 'ADD', '1'),
(942, '913121104079', '20', '9.00', '0.58', '10', '1'),
(943, '913122104017', '18', '8.98', '0.66', 'It initializes the class attributes', '0'),
(944, '913122104086', '10', '4.00', '0.68', 'True ', '1'),
(945, '913121104074', '25', '9.05', '0.35', 'el', '0'),
(946, '913121104047', '16', '9.45', '4.28', 'O(2^n)', '1'),
(947, '913121104063', '17', '9.08', '0.6', '10', '1'),
(948, '913121104042', '26', '9.38', '0.55', '2', '1'),
(949, '913122104033', '3', '1.60', '0.38', 'Stack ', '1'),
(950, '913122104066', '19', '9.23', '0.58', 'Runtime Error', '0'),
(951, '913123104160', '13', '7.73', '0.31', 'SELECT', '0'),
(952, '913121104017', '20', '9.43', '0.61', '10', '1'),
(953, '913121104123', '3', '1.67', '0.25', 'Stack ', '1'),
(954, '913122104170', '23', '9.38', '0.33', '[1, 2, 3, 4, 5]', '1'),
(955, '913121104042', '27', '9.50', '0.12', '3.33', '0'),
(956, '913123104145', '12', '7.88', '0.46', 'Error', '0'),
(957, '913121104007', '22', '8.92', '1.75', '1 3', '1'),
(958, '913122104086', '11', '4.18', '0.18', 'Char', '1'),
(959, '913122104144', '14', '9.32', '0.62', 'I', '0'),
(960, '913122104049', '1', '0.85', '0.85', '36', '0'),
(961, '913122104184', '16', '9.15', '2.43', 'O(log n)', '0'),
(962, '913123104158', '9', '6.62', '0.32', '121', '0'),
(963, '913121104105', '19', '9.42', '0.82', '20', '0'),
(964, '913122104076', '24', '9.50', '0.43', '64', '0'),
(965, '913121104071', '19', '9.53', '1.28', 'Runtime Error', '0'),
(966, '913121104091', '20', '9.43', '0.51', '10', '1'),
(967, '913122104047', '1', '1.92', '1.92', '36', '0'),
(968, '913123104114', '9', '8.87', '0.59', '120', '1'),
(969, '913123104086', '23', '7.50', '0.48', '[1, 2, 3, 4, 5]', '1'),
(970, '913121104073', '16', '9.50', '2.58', 'O(2^n)', '1'),
(971, '913121104063', '18', '9.42', '0.34', 'It is a destructor method', '0'),
(972, '913122104144', '15', '9.55', '0.23', '=', '1'),
(973, '913123104028', '10', '7.98', '0.48', 'True ', '1'),
(974, '913121104097', '20', '7.65', '0.75', '1', '0'),
(975, '913121104031', '15', '8.48', '0.5', '==', '0'),
(976, '913123104145', '13', '8.18', '0.3', 'ADD', '1'),
(977, '913122104151', '2', '2.08', '0.58', 'O(n log n) ', '1'),
(978, '913121104042', '28', '9.82', '0.32', 'Garbage value', '0'),
(979, '91312214057', '21', '9.58', '0.61', 'To execute code regardless of whether an exception occurs or not', '1'),
(980, '913122104018', '18', '8.52', '0.54', 'It initializes the class attributes', '0'),
(981, '913121104079', '21', '9.52', '0.52', 'To raise exceptions', '0'),
(982, '913123104182', '14', '8.10', '0.72', 'I', '0'),
(983, '913121104074', '26', '9.52', '0.47', '3', '0'),
(984, '913121104109', '19', '9.80', '2.27', 'Compiler Error', '1'),
(985, '913121104109', '19', '9.80', '2.27', 'Compiler Error', '1'),
(986, '913122104002', '19', '9.60', '1.42', 'Compiler Error', '1'),
(987, '913121104047', '17', '9.97', '0.52', 'Error', '0'),
(988, '913122104170', '24', '9.80', '0.42', '64', '0'),
(989, '913122104086', '12', '4.55', '0.37', '6', '0'),
(990, '913123104160', '14', '8.17', '0.44', 'I', '0'),
(991, '913122104125', '1', '2.25', '2.25', '36', '0'),
(992, '913121104017', '21', '9.88', '0.45', 'To execute code regardless of whether an exception occurs or not', '1'),
(993, '913122104094', '11', '8.15', '0.77', 'Char', '1'),
(994, '913122104163', '2', '1.82', '0.94', 'O(n^2) ', '0'),
(995, '913121104042', '29', '9.98', '0.16', 'Stack', '1'),
(996, '913122104012', '19', '9.45', '0.97', 'Compiler Error', '1'),
(997, '913121104001', '21', '9.83', '0.71', 'To execute code regardless of whether an exception occurs or not', '1'),
(998, '913122104017', '19', '9.65', '0.67', 'Runtime Error', '0'),
(999, '913123104114', '10', '9.27', '0.4', 'True ', '1'),
(1000, '913122104141', '20', '9.67', '1.2', '1', '0'),
(1001, '913121104123', '4', '2.23', '0.56', '11001 ', '1'),
(1002, '913122104151', '3', '2.33', '0.25', 'Stack ', '1'),
(1003, '913123104145', '14', '8.43', '0.25', 'I', '0'),
(1004, '913122104076', '25', '9.97', '0.47', 'el', '0'),
(1005, '913122104014', '1', '1.65', '1.65', '36', '0'),
(1006, '913121104097', '21', '7.97', '0.32', 'To execute code regardless of whether an exception occurs or not', '1'),
(1007, '913123104182', '15', '8.38', '0.28', '=', '1'),
(1008, '913121104073', '17', '9.90', '0.4', '10', '1'),
(1009, '913122104086', '13', '4.78', '0.23', 'ADD', '1'),
(1010, '913121104042', '30', '10.13', '0.15', '4', '1'),
(1011, '913121104074', '27', '9.82', '0.3', '3', '0'),
(1012, '913121104123', '5', '2.33', '0.1', 'Cascading Style Sheets ', '1'),
(1013, '913121104047', '18', '10.25', '0.28', 'It is called when the object is created', '1'),
(1014, '913123104160', '15', '8.43', '0.26', '=', '1'),
(1015, '913122104043', '20', '10.13', '1.51', '5', '0'),
(1016, '913123104181', '19', '8.87', '1.4', '20', '0'),
(1017, '913122104025', '16', '9.82', '2.12', 'O(n)', '0'),
(1018, '913122104048', '1', '2.42', '2.42', '36', '0'),
(1019, '913123104145', '15', '8.60', '0.17', '=', '1'),
(1020, '913122104018', '19', '8.93', '0.41', '20', '0'),
(1021, '913122104184', '17', '9.83', '0.68', '10', '1'),
(1022, '913122104079', '1', '0.38', '0.38', '36', '0'),
(1023, '913121104091', '21', '10.10', '0.67', 'To execute code regardless of whether an exception occurs or not', '1'),
(1024, '913122104144', '16', '10.08', '0.53', 'O(2^n)', '1'),
(1025, '913121104074', '28', '10.00', '0.18', 'Garbage value', '0'),
(1026, '913123104160', '16', '8.58', '0.15', 'O(log n)', '0'),
(1027, '913123104160', '16', '8.60', '0.15', 'O(log n)', '0'),
(1028, '913123104028', '11', '8.55', '0.57', 'Char', '1'),
(1029, '913121104123', '6', '2.53', '0.2', 'Structured Query Language ', '1'),
(1030, '913123104181', '20', '9.05', '0.18', '5', '0'),
(1031, '913122104049', '2', '1.68', '0.83', 'O(n log n) ', '1'),
(1032, '913121104073', '18', '10.18', '0.28', 'It is called when the object is created', '1'),
(1033, '913123104114', '11', '9.63', '0.36', 'Char', '1'),
(1034, '913121104030', '24', '10.43', '1.18', '512', '1'),
(1035, '913122104097', '19', '9.03', '1.73', 'Compiler Error', '1'),
(1036, '913122104076', '26', '10.33', '0.36', '3', '0'),
(1037, '913122104163', '3', '2.28', '0.46', 'Stack ', '1'),
(1038, '913122104043', '21', '10.42', '0.29', 'To execute code regardless of whether an exception occurs or not', '1'),
(1039, '913122104048', '2', '2.67', '0.25', 'O(n log n) ', '1'),
(1040, '913121104123', '7', '2.67', '0.14', 'Queue', '1'),
(1041, '913122104050', '1', '1.02', '1.02', '36', '0'),
(1042, '51', '1', '1.05', '1.05', '36', '0'),
(1043, '913122104047', '2', '2.82', '0.9', 'O(n log n) ', '1'),
(1044, '913122104094', '12', '8.72', '0.57', '6', '0'),
(1045, '913121104007', '23', '9.93', '1.01', '[1, 2, 3, 4, 5]', '1'),
(1046, '913123104181', '21', '9.23', '0.18', 'To handle exceptions', '0'),
(1047, '913122104124', '1', '0.82', '0.82', '36', '0'),
(1048, '913121104079', '22', '10.25', '0.73', '2 3', '0'),
(1049, '913122104170', '25', '10.50', '0.7', 'el', '0'),
(1050, '913121104030', '25', '10.65', '0.22', 'el', '0'),
(1051, '913121104105', '20', '10.45', '1.03', '10', '1'),
(1052, '913121104074', '29', '10.32', '0.32', 'Stack', '1'),
(1053, '913121104031', '16', '9.33', '0.85', 'O(n!)', '0'),
(1054, '913122104076', '27', '10.57', '0.24', '3.33', '0'),
(1055, '913122104033', '4', '2.87', '1.27', '11001 ', '1'),
(1056, '913122104079', '2', '0.82', '0.44', 'O(n^2) ', '0'),
(1057, '913122104086', '14', '5.37', '0.59', 'I', '0'),
(1058, '913121104123', '8', '2.90', '0.23', '36', '0'),
(1059, '51', '2', '1.25', '0.2', 'O(n^2) ', '0'),
(1060, '913122104025', '17', '10.35', '0.53', '10', '1'),
(1061, '913123104182', '16', '9.02', '0.64', 'O(2^n)', '1'),
(1062, '913122104033', '5', '2.95', '0.08', 'Cascading Style Sheets ', '1'),
(1063, '913122104048', '3', '2.97', '0.3', 'Stack ', '1'),
(1064, '913122104014', '2', '2.33', '0.68', 'O(n log n) ', '1'),
(1065, '913122104151', '4', '3.03', '0.7', '10011 ', '0'),
(1066, '913122104012', '20', '10.25', '0.8', '1', '0'),
(1067, '913122104125', '2', '3.12', '0.87', 'O(n log n) ', '1'),
(1068, '913123104181', '22', '9.47', '0.24', '2 4', '0'),
(1069, '913123104181', '22', '9.48', '0.24', '2 4', '0'),
(1070, '913121104047', '19', '10.90', '0.65', 'Runtime Error', '0'),
(1071, '913122104050', '2', '1.35', '0.33', 'O(n^2) ', '0'),
(1072, '913122104094', '13', '8.98', '0.26', 'ADD', '1'),
(1073, '913122104144', '17', '10.60', '0.52', '10', '1'),
(1074, '913122104033', '6', '3.02', '0.07', 'Structured Query Language ', '1'),
(1075, '91312214057', '22', '10.62', '1.04', '1 3', '1'),
(1076, '913121104071', '20', '10.75', '1.22', '20', '0'),
(1077, '913122104141', '21', '10.48', '0.81', 'To execute code regardless of whether an exception occurs or not', '1'),
(1078, '913123104160', '17', '9.12', '0.54', '10', '1'),
(1079, '913122104047', '3', '3.17', '0.35', 'Stack ', '1'),
(1080, '913122104151', '5', '3.17', '0.14', 'Cascading Style Sheets ', '1'),
(1081, '913121104091', '22', '10.70', '0.6', '1 3', '1'),
(1082, '913121104030', '26', '10.97', '0.32', '2', '1'),
(1083, '913123104158', '10', '8.00', '1.38', 'Error', '0'),
(1084, '913123104158', '10', '8.00', '1.38', 'Error', '0'),
(1085, '913122104303', '16', '9.65', '1.73', 'O(log n)', '0'),
(1086, '913122104079', '3', '1.08', '0.26', 'Stack ', '1'),
(1087, '913121104105', '21', '10.80', '0.35', 'To execute code regardless of whether an exception occurs or not', '1'),
(1088, '913122104076', '28', '10.90', '0.33', 'Garbage value', '0'),
(1089, '913122104170', '26', '10.90', '0.4', '2', '1'),
(1090, '913122104151', '6', '3.28', '0.11', 'Structured Query Language ', '1'),
(1091, '913123104181', '23', '9.70', '0.23', '[1, 2, 3, 4, 5]', '1'),
(1092, '913122104014', '3', '2.58', '0.25', 'Stack ', '1'),
(1093, '913122104012', '21', '10.53', '0.28', 'To execute code regardless of whether an exception occurs or not', '1'),
(1094, '913122104017', '20', '10.72', '1.07', '1', '0'),
(1095, '913121104030', '27', '11.13', '0.16', '3', '0'),
(1096, '913122104186', '4', '3.38', '2.13', '11001 ', '1'),
(1097, '913121104071', '21', '11.02', '0.27', 'To execute code regardless of whether an exception occurs or not', '1'),
(1098, '913121104097', '22', '8.98', '1.01', '2 4', '0'),
(1099, '51', '3', '1.68', '0.43', 'Stack ', '1'),
(1100, '913123104158', '11', '8.20', '0.2', 'Str', '0'),
(1101, '913122104033', '7', '3.33', '0.31', 'Queue', '1'),
(1102, '913121104079', '23', '10.85', '0.6', '[1, 2, 3, 4, 5]', '1'),
(1103, '913122104043', '22', '11.13', '0.71', '1 3', '1'),
(1104, '913122104125', '3', '3.50', '0.38', 'Queue', '0'),
(1105, '913121104001', '22', '11.00', '1.17', '1 3', '1'),
(1106, '913121104017', '22', '11.13', '1.25', '1 3', '1'),
(1107, '913122104186', '5', '3.47', '0.09', 'Cascading Style Sheets ', '1'),
(1108, '913122104076', '29', '11.10', '0.2', 'Stack', '1'),
(1109, '913122104018', '20', '9.90', '0.97', '5', '0'),
(1110, '913122104066', '20', '11.03', '1.8', '5', '0'),
(1111, '913121104047', '20', '11.33', '0.43', '10', '1'),
(1112, '913121104074', '30', '10.93', '0.61', '3', '0'),
(1113, '913122104303', '17', '9.95', '0.3', '10', '1'),
(1114, '913123104160', '18', '9.53', '0.41', 'It initializes the class attributes', '0'),
(1115, '913122104186', '6', '3.57', '0.1', 'Structured Query Language ', '1'),
(1116, '913122104151', '7', '3.57', '0.29', 'Queue', '1'),
(1117, '913123104158', '12', '8.37', '0.17', '6', '0'),
(1118, '913122104049', '3', '2.63', '0.95', 'Stack ', '1'),
(1119, '913123104158', '12', '8.37', '0.17', '6', '0'),
(1120, '913121104109', '20', '11.27', '1.47', '1', '0'),
(1121, '913123104028', '12', '9.55', '1', '6', '0'),
(1122, '913122104163', '4', '3.17', '0.89', '11001 ', '1'),
(1123, '91312214057', '23', '11.12', '0.5', '[1, 2, 3, 4, 5]', '1'),
(1124, '913122104186', '7', '3.63', '0.06', 'Queue', '1'),
(1125, '913122104025', '18', '10.97', '0.62', 'It initializes the class attributes', '0'),
(1126, '913123104182', '17', '9.63', '0.61', '10', '1'),
(1127, '913121104063', '19', '11.08', '1.66', 'Compiler Error', '1'),
(1128, '913122104047', '4', '3.68', '0.51', '11001 ', '1'),
(1129, '913122104050', '3', '1.93', '0.58', 'Stack ', '1'),
(1130, '913121104031', '17', '10.10', '0.77', 'Error', '0'),
(1131, '913121104030', '28', '11.45', '0.32', 'Garbage value', '0'),
(1132, '913122104163', '5', '3.25', '0.08', 'Cascading Style Sheets ', '1'),
(1133, '913122104086', '15', '6.08', '0.71', '=', '1'),
(1134, '913121104073', '19', '11.22', '1.04', 'Compiler Error', '1'),
(1135, '913122104184', '18', '11.02', '1.19', 'It is called when the object is created', '1'),
(1136, '913122104048', '4', '3.65', '0.68', '11001 ', '1'),
(1137, '913121104047', '21', '11.53', '0.2', 'To execute code regardless of whether an exception occurs or not', '1'),
(1138, '913123104158', '13', '8.52', '0.15', 'ADD', '1'),
(1139, '913122104186', '8', '3.77', '0.14', '36', '0'),
(1140, '913122104094', '14', '9.67', '0.69', 'I', '0'),
(1141, '913122104047', '5', '3.80', '0.12', 'Cascading Style Sheets ', '1'),
(1142, '913123104181', '24', '10.22', '0.52', '64', '0'),
(1143, '913122104124', '2', '1.80', '0.98', 'O(log n)', '0'),
(1144, '913121104097', '23', '9.40', '0.42', '[1, 2, 3, [4, 5]]', '0'),
(1145, '913122104014', '4', '3.12', '0.54', '11001 ', '1'),
(1146, '913121104030', '29', '11.60', '0.15', 'Queue', '0'),
(1147, '913122104170', '27', '11.48', '0.58', '3', '0'),
(1148, '913122104002', '20', '11.33', '1.73', '1', '0'),
(1149, '913122104048', '5', '3.82', '0.17', 'Cascading Style Sheets ', '1'),
(1150, '913122104014', '5', '3.18', '0.06', 'Cascading Style Sheets ', '1'),
(1151, '913122104124', '3', '1.88', '0.08', 'Stack ', '1'),
(1152, '913122104079', '4', '1.73', '0.65', '11001 ', '1'),
(1153, '913122104017', '21', '11.27', '0.55', 'To handle exceptions', '0'),
(1154, '913123104158', '14', '8.68', '0.16', 'I', '0'),
(1155, '913123104114', '12', '10.88', '1.25', 'Error', '0'),
(1156, '913122104097', '20', '10.25', '1.22', '10', '1'),
(1157, '913121104105', '22', '11.52', '0.72', '1 3', '1'),
(1158, '913122104014', '6', '3.28', '0.1', 'Structured Query Language ', '1'),
(1159, '913122104079', '5', '1.83', '0.1', 'Cascading Style Sheets ', '1'),
(1160, '913122104033', '8', '3.92', '0.59', '36', '0'),
(1161, '913121104123', '9', '3.93', '1.03', '110', '0'),
(1162, '91312214057', '24', '11.52', '0.4', '64', '0'),
(1163, '913123104145', '16', '10.12', '1.52', 'O(2^n)', '1'),
(1164, '913121104079', '24', '11.48', '0.63', '64', '0'),
(1165, '913122104048', '6', '4.00', '0.18', 'Structured Query Language ', '1'),
(1166, '913121104091', '23', '11.62', '0.92', '[1, 2, 3, [4, 5]]', '0'),
(1167, '913121104071', '22', '11.72', '0.7', '2 4', '0'),
(1168, '913121104007', '24', '11.20', '1.27', '512', '1'),
(1169, '913123104028', '13', '10.05', '0.5', 'UPDATE', '0'),
(1170, '913122104009', '14', '11.33', '2.51', 'I', '0'),
(1171, '913123104114', '13', '11.08', '0.2', 'ADD', '1'),
(1172, '913121104109', '21', '11.82', '0.55', 'To execute code regardless of whether an exception occurs or not', '1'),
(1173, '913122104163', '6', '3.70', '0.45', 'Structured Query Language ', '1'),
(1174, '913121104030', '30', '11.92', '0.32', '4', '1'),
(1175, '913122104097', '21', '10.48', '0.23', 'To execute code regardless of whether an exception occurs or not', '1'),
(1176, '913122104018', '21', '10.60', '0.7', 'To execute code regardless of whether an exception occurs or not', '1'),
(1177, '913123104181', '25', '10.63', '0.41', 'el', '0'),
(1178, '913122104163', '7', '3.80', '0.1', 'Queue', '1'),
(1179, '913122104124', '4', '2.25', '0.37', '11001 ', '1'),
(1180, '913122104002', '21', '11.72', '0.39', 'To execute code regardless of whether an exception occurs or not', '1'),
(1181, '51', '4', '2.53', '0.85', '11001 ', '1'),
(1182, '913121104047', '22', '12.10', '0.57', '1 3', '1'),
(1183, '913122104056', '16', '11.80', '5', 'O(n!)', '0'),
(1184, '913123104182', '18', '10.28', '0.65', 'It initializes the class attributes', '0'),
(1185, '913122104033', '9', '4.23', '0.31', '120', '1'),
(1186, '913121104007', '25', '11.45', '0.25', 'el', '0'),
(1187, '913122104124', '5', '2.35', '0.1', 'Cascading Style Sheets ', '1'),
(1188, '51', '5', '2.62', '0.09', 'Cascading Style Sheets ', '1'),
(1189, '913122104050', '4', '2.63', '0.7', '11001 ', '1'),
(1190, '913122104048', '7', '4.30', '0.3', 'Queue', '1'),
(1191, '913122104014', '7', '3.70', '0.42', 'Queue', '1'),
(1192, '913122104151', '8', '4.40', '0.83', '36', '0'),
(1193, '913123104086', '24', '9.97', '2.47', '64', '0'),
(1194, '51', '6', '2.68', '0.06', 'Structured Query Language ', '1'),
(1195, '913121104001', '23', '11.97', '0.97', '[1, 2, 3, [4], [5]]', '0'),
(1196, '913123104160', '19', '10.42', '0.89', 'Compiler Error', '1'),
(1197, '913122104047', '6', '4.45', '0.65', 'Structured Query Language ', '1'),
(1198, '913122104033', '10', '4.37', '0.14', 'True ', '1'),
(1199, '913122104124', '6', '2.48', '0.13', 'Structured Query Language ', '1'),
(1200, '913122104025', '19', '11.83', '0.86', 'Compiler Error', '1'),
(1201, '913122104050', '5', '2.77', '0.14', 'Cascading Style Sheets ', '1'),
(1202, '913121104091', '24', '12.03', '0.41', '64', '0'),
(1203, '51', '7', '2.78', '0.1', 'Queue', '1'),
(1204, '913121104079', '25', '11.93', '0.45', 'el', '0'),
(1205, '913122104141', '22', '11.90', '1.42', '1 3', '1'),
(1206, '913122104076', '30', '12.20', '1.1', '4', '1'),
(1207, '913122104170', '28', '12.20', '0.72', ' 10', '1'),
(1208, '913122104124', '7', '2.57', '0.09', 'Queue', '1'),
(1209, '913122104144', '18', '12.10', '1.5', 'It is called when the object is created', '1'),
(1210, '913122104125', '4', '4.65', '1.15', '11001 ', '1'),
(1211, '913121104031', '18', '11.00', '0.9', 'It is called when the object is created', '1'),
(1212, '913122104066', '21', '12.13', '1.1', 'To catch exceptions', '0'),
(1213, '913121104105', '23', '12.17', '0.65', '[1, 2, 3, [4, 5]]', '0'),
(1214, '913121104071', '23', '12.27', '0.55', '[1, 2, 3, 4, 5]', '1'),
(1215, '913122104043', '23', '12.33', '1.2', '[1, 2, 3, 4, 5]', '1'),
(1216, '913121104063', '20', '12.08', '1', '1', '0'),
(1217, '913122104170', '29', '12.30', '0.1', 'Queue', '0'),
(1218, '913122104125', '5', '4.73', '0.08', 'Cascading Style Sheets ', '1'),
(1219, '913122104184', '19', '12.00', '0.98', 'Compiler Error', '1'),
(1220, '913122104163', '8', '4.25', '0.45', '36', '0'),
(1221, '913122104047', '7', '4.70', '0.25', 'Queue', '1'),
(1222, '913123104181', '26', '11.12', '0.49', '2.5', '0'),
(1223, '913123104145', '17', '10.80', '0.68', 'Error', '0'),
(1224, '913123104181', '26', '11.12', '0.49', '2.5', '0'),
(1225, '913122104012', '22', '11.92', '1.39', '1 3', '1'),
(1226, '913121104091', '25', '12.27', '0.24', 'el', '0'),
(1227, '913122104033', '11', '4.65', '0.28', 'Str', '0'),
(1228, '913122104050', '6', '3.03', '0.26', 'Structured Query Language ', '1'),
(1229, '913122104125', '6', '4.87', '0.14', 'Structured Query Language ', '1'),
(1230, '913122104186', '9', '4.83', '1.06', '121', '0'),
(1231, '913121104073', '20', '12.37', '1.15', '10', '1'),
(1232, '48', '1', '0.58', '0.58', '36', '0'),
(1233, '913122104056', '17', '12.40', '0.6', '10', '1'),
(1234, '91312214057', '25', '12.40', '0.88', 'el', '0'),
(1235, '913122104151', '9', '4.95', '0.55', '120', '1'),
(1236, '913122104079', '6', '2.80', '0.97', 'Structured Query Language ', '1'),
(1237, '913122104049', '4', '4.05', '1.42', '11001 ', '1'),
(1238, '913122104186', '10', '5.02', '0.19', 'True ', '1'),
(1239, '913122104079', '7', '2.88', '0.08', 'Queue', '1'),
(1240, '913121104073', '21', '12.58', '0.21', 'To execute code regardless of whether an exception occurs or not', '1'),
(1241, '913121104007', '26', '12.20', '0.75', '2', '1'),
(1242, '913121104063', '21', '12.52', '0.44', 'To execute code regardless of whether an exception occurs or not', '1'),
(1243, '913123104086', '25', '10.63', '0.66', 'el', '0'),
(1244, '913122104014', '8', '4.40', '0.7', '36', '0'),
(1245, '913122104170', '30', '12.75', '0.45', '4', '1'),
(1246, '913122104017', '22', '12.50', '1.23', '1 3', '1'),
(1247, '913121104017', '23', '12.83', '1.7', '[1, 2, 3, 4, 5]', '1'),
(1248, '51', '8', '3.43', '0.65', '36', '0'),
(1249, '913123104182', '19', '11.17', '0.89', '20', '0'),
(1250, '913121104079', '26', '12.58', '0.65', '2', '1'),
(1251, '48', '2', '0.88', '0.3', 'O(n) ', '0'),
(1252, '913122104056', '18', '12.68', '0.28', 'It initializes the class attributes', '0'),
(1253, '913123104158', '15', '9.95', '1.27', '=', '1'),
(1254, '913121104047', '23', '12.98', '0.88', '[1, 2, 3, 4, 5]', '1'),
(1255, '913121104109', '22', '12.87', '1.05', '1 3', '1'),
(1256, '913122104141', '23', '12.57', '0.67', '[1, 2, 3, 4, 5]', '1'),
(1257, '913122104124', '8', '3.22', '0.65', '36', '0'),
(1258, '913122104049', '5', '4.28', '0.23', 'Cascading Style Sheets ', '1'),
(1259, '913121104071', '24', '12.87', '0.6', '512', '1'),
(1260, '913122104050', '7', '3.50', '0.47', 'Queue', '1'),
(1261, '913122104125', '7', '5.30', '0.43', 'Stack', '0'),
(1262, '913122104012', '23', '12.45', '0.53', '[1, 2, 3, [4, 5]]', '0'),
(1263, '913122104009', '15', '12.50', '1.17', '=', '1'),
(1264, '913121104091', '26', '12.82', '0.55', '2', '1'),
(1265, '913122104163', '9', '4.87', '0.62', '120', '1'),
(1266, '913121104105', '24', '12.87', '0.7', '64', '0'),
(1267, '913122104047', '8', '5.33', '0.63', '36', '0'),
(1268, '913122104186', '11', '5.35', '0.33', 'Str', '0'),
(1269, '913123104086', '26', '10.90', '0.27', '2.5', '0'),
(1270, '913122104079', '8', '3.18', '0.3', '36', '0'),
(1271, '913121104063', '22', '12.82', '0.3', '2 4', '0'),
(1272, '913121104123', '10', '5.32', '1.39', 'False', '0'),
(1273, '913122104163', '10', '4.97', '0.1', 'True ', '1'),
(1274, '48', '3', '1.12', '0.24', 'Stack ', '1'),
(1275, '913122104151', '10', '5.40', '0.45', 'True ', '1'),
(1276, '913123104181', '27', '11.83', '0.71', '3.33', '0'),
(1277, '913122104184', '20', '12.77', '0.77', '1', '0'),
(1278, '91312214057', '26', '12.95', '0.55', '2.5', '0'),
(1279, '913122104017', '23', '12.82', '0.32', '[1, 2, 3, 4, 5]', '1'),
(1280, '913122104094', '15', '11.37', '1.7', '=', '1'),
(1281, '913122104125', '8', '5.55', '0.25', '36', '0'),
(1282, '913123104160', '20', '11.52', '1.1', '20', '0'),
(1283, '913122104151', '11', '5.52', '0.12', 'Char', '1'),
(1284, '913122104043', '24', '13.22', '0.89', '512', '1'),
(1285, '0182', '1', '1.60', '1.60', '36', '0'),
(1286, '913121104123', '11', '5.45', '0.13', 'Str', '0'),
(1287, '913122104097', '22', '11.88', '1.4', '1 3', '1'),
(1288, '913121104007', '27', '12.67', '0.47', '3', '0'),
(1289, '913122104049', '6', '4.62', '0.34', 'Structured Query Language ', '1'),
(1290, '913121104079', '27', '13.00', '0.42', '3.33', '0'),
(1291, '913123104145', '18', '11.68', '0.88', 'It is called when the object is created', '1'),
(1292, '913122104186', '12', '5.62', '0.27', '5', '1'),
(1293, '913122104141', '24', '12.98', '0.41', '64', '0'),
(1294, '913121104017', '24', '13.32', '0.49', '64', '0'),
(1295, '913123104086', '27', '11.18', '0.28', '3', '0'),
(1296, '913121104063', '23', '13.08', '0.26', '[1, 2, 3, 4, 5]', '1'),
(1297, '913122104086', '16', '8.03', '1.95', 'O(log n)', '0'),
(1298, '913122104048', '8', '5.60', '1.3', '36', '0'),
(1299, '913122104186', '13', '5.68', '0.06', 'ADD', '1'),
(1300, '913121104123', '12', '5.60', '0.15', '5', '1'),
(1301, '913123104182', '20', '11.68', '0.51', '1', '0'),
(1302, '913122104033', '12', '5.62', '0.97', 'Error', '0'),
(1303, '913121104073', '22', '13.22', '0.64', '1 3', '1'),
(1304, '913122104079', '9', '3.57', '0.39', '121', '0'),
(1305, '913123104181', '28', '12.15', '0.32', ' 10', '1'),
(1306, '913121104047', '24', '13.57', '0.59', '512', '1'),
(1307, '913121104001', '24', '13.32', '1.35', '512', '1'),
(1308, '913123104158', '16', '10.55', '0.6', 'O(2^n)', '1'),
(1309, '913123104158', '16', '10.55', '0.6', 'O(2^n)', '1'),
(1310, '913121104031', '19', '12.20', '1.2', 'Compiler Error', '1'),
(1311, '913122104151', '12', '5.80', '0.28', '5', '1'),
(1312, '913122104033', '13', '5.73', '0.11', 'ADD', '1'),
(1313, '913122104018', '22', '12.23', '1.63', '1 3', '1'),
(1314, '913123104028', '14', '11.77', '1.72', 'I', '0'),
(1315, '913121104123', '13', '5.75', '0.15', 'ADD', '1'),
(1316, '913122104017', '24', '13.20', '0.38', '64', '0'),
(1317, '913122104025', '20', '13.18', '1.35', '10', '1'),
(1318, '913123104086', '28', '11.40', '0.22', 'Garbage value', '0'),
(1319, '913121104097', '24', '11.45', '2.05', '64', '0'),
(1320, '913122104014', '9', '5.18', '0.78', '110', '0'),
(1321, '913123104086', '29', '11.47', '0.07', 'Linked List', '0'),
(1322, '913121104071', '25', '13.57', '0.7', 'el', '0'),
(1323, '913121104105', '25', '13.48', '0.61', 'el', '0'),
(1324, '913123104145', '19', '12.03', '0.35', 'Compiler Error', '1'),
(1325, '913121104007', '28', '13.07', '0.4', ' 10', '1'),
(1326, '913121104063', '24', '13.38', '0.3', '64', '0'),
(1327, '913122104079', '10', '3.80', '0.23', 'True ', '1'),
(1328, '913123104182', '21', '11.98', '0.3', 'To execute code regardless of whether an exception occurs or not', '1'),
(1329, '913122104151', '13', '5.98', '0.18', 'ADD', '1'),
(1330, '913123104181', '29', '12.40', '0.25', 'Stack', '1'),
(1331, '913122104012', '24', '13.20', '0.75', '512', '1'),
(1332, '913123104181', '29', '12.42', '0.25', 'Stack', '1'),
(1333, '913122104186', '14', '6.02', '0.34', 'I', '0'),
(1334, '913122104050', '8', '4.27', '0.77', '36', '0'),
(1335, '91312214057', '27', '13.50', '0.55', '3', '0'),
(1336, '913121104047', '25', '13.87', '0.3', 'el', '0'),
(1337, '913121104109', '23', '13.75', '0.88', '[1, 2, 3, [4, 5]]', '0'),
(1338, '913122104144', '19', '13.58', '1.48', 'Compiler Error', '1'),
(1339, '913121104079', '28', '13.50', '0.5', 'Garbage value', '0'),
(1340, '913122104056', '19', '13.60', '0.92', '20', '0'),
(1341, '913122104025', '21', '13.45', '0.27', 'To execute code regardless of whether an exception occurs or not', '1'),
(1342, '913123104028', '15', '12.05', '0.28', '=', '1'),
(1343, '913123104114', '14', '13.07', '1.99', 'I', '0'),
(1344, '913123104114', '14', '13.07', '1.99', 'I', '0'),
(1345, '913122104017', '25', '13.52', '0.32', 'el', '0'),
(1346, '913122104186', '15', '6.17', '0.15', '=', '1'),
(1347, '913121104063', '25', '13.63', '0.25', 'el', '0'),
(1348, '913122104079', '11', '4.03', '0.23', 'Char', '1'),
(1349, '913121104001', '25', '13.75', '0.43', 'el', '0'),
(1350, '913123104086', '30', '11.77', '0.3', '4', '1'),
(1351, '913123104160', '21', '12.23', '0.71', 'To execute code regardless of whether an exception occurs or not', '1'),
(1352, '913121104091', '27', '13.77', '0.95', '3.33', '0'),
(1353, '913122104086', '17', '8.62', '0.59', '10', '1'),
(1354, '913122104097', '23', '12.62', '0.74', '[1, 2, 3, [4, 5]]', '0'),
(1355, '913122104043', '25', '13.98', '0.76', 'el', '0'),
(1356, '913121104073', '23', '13.80', '0.58', '[1, 2, 3, 4, 5]', '1'),
(1357, '913122104094', '16', '12.20', '0.83', 'O(2^n)', '1'),
(1358, '913121104007', '29', '13.43', '0.36', 'Stack', '1'),
(1359, '913122104033', '14', '6.25', '0.52', 'I', '0'),
(1360, '913122104014', '10', '5.65', '0.47', 'True ', '1'),
(1361, '913123104114', '15', '13.32', '0.25', '=', '1'),
(1362, '913122104079', '12', '4.18', '0.15', '6', '0'),
(1363, '913122104066', '22', '13.88', '1.75', '1 3', '1'),
(1364, '913121104123', '14', '6.30', '0.55', 'I', '0'),
(1365, '913122104141', '25', '13.75', '0.77', 'el', '0'),
(1366, '913122104163', '11', '5.98', '1.01', 'Str', '0'),
(1367, '913122104012', '25', '13.65', '0.45', 'el', '0'),
(1368, '91312214057', '28', '13.97', '0.47', 'Garbage value', '0'),
(1369, '913121104073', '24', '14.00', '0.2', '512', '1'),
(1370, '913121104071', '26', '14.12', '0.55', '2', '1'),
(1371, '913122104033', '15', '6.43', '0.18', '=', '1'),
(1372, '913121104079', '29', '13.93', '0.43', 'Stack', '1'),
(1373, '913122104018', '23', '12.93', '0.7', '[1, 2, 3, [4, 5]]', '0'),
(1374, '913123104028', '16', '12.48', '0.43', 'O(log n)', '0'),
(1375, '913122104082', '1', '0.83', '0.83', '36', '0'),
(1376, '913121104105', '26', '14.10', '0.62', '2', '1'),
(1377, '913122104079', '13', '4.40', '0.22', 'ADD', '1'),
(1378, '913121104007', '30', '13.68', '0.25', '3', '0'),
(1379, '913121104047', '26', '14.40', '0.53', '2', '1'),
(1380, '913122104151', '14', '6.60', '0.62', 'I', '0'),
(1381, '913123104160', '22', '12.60', '0.37', '1 3', '1'),
(1382, '913122104049', '7', '5.68', '1.06', 'Queue', '1'),
(1383, '0182', '2', '2.72', '1.12', 'O(n log n) ', '1'),
(1384, '913121104063', '26', '14.10', '0.47', '2', '1'),
(1385, '913122104047', '9', '6.68', '1.35', '110', '0'),
(1386, '913122104086', '18', '9.07', '0.45', 'It initializes the class attributes', '0'),
(1387, '913122104025', '22', '14.05', '0.6', '1 3', '1'),
(1388, '913122104009', '16', '13.93', '1.43', 'O(n)', '0'),
(1389, '913122104014', '11', '6.00', '0.35', 'Str', '0'),
(1390, '913123104158', '17', '11.52', '0.97', 'Error', '0'),
(1391, '913122104163', '12', '6.30', '0.32', '5', '1'),
(1392, '913122104082', '2', '1.05', '0.22', 'O(n log n) ', '1'),
(1393, '51', '9', '5.02', '1.59', '121', '0'),
(1394, '913122104079', '14', '4.60', '0.2', 'I', '0'),
(1395, '913122104141', '26', '14.13', '0.38', '2.5', '0'),
(1396, '913121104073', '25', '14.32', '0.32', 'el', '0'),
(1397, '913122104017', '26', '14.15', '0.63', '2', '1'),
(1398, '913121104123', '15', '6.72', '0.42', '=', '1'),
(1399, '913122104094', '17', '12.70', '0.5', '10', '1'),
(1400, '913122104184', '21', '14.12', '1.35', 'To execute code regardless of whether an exception occurs or not', '1'),
(1401, '913122104033', '16', '6.73', '0.3', 'O(n)', '0'),
(1402, '913122104002', '22', '14.28', '2.56', '1 3', '1'),
(1403, '91312214057', '29', '14.33', '0.36', 'Stack', '1'),
(1404, '913123104182', '22', '12.83', '0.85', '1 3', '1'),
(1405, '913122104082', '3', '1.13', '0.08', 'Stack ', '1'),
(1406, '913121104063', '27', '14.27', '0.17', '3.0', '0'),
(1407, '913122104125', '9', '6.92', '1.37', '121', '0'),
(1408, '913122104048', '9', '6.78', '1.18', '121', '0'),
(1409, '913121104031', '20', '13.28', '1.08', '5', '0'),
(1410, '48', '4', '2.58', '1.46', '11001 ', '1'),
(1411, '913122104163', '13', '6.45', '0.15', 'ADD', '1'),
(1412, '913122104056', '20', '14.40', '0.8', '10', '1'),
(1413, '913121104071', '27', '14.52', '0.4', '3.3333333333333335', '1'),
(1414, '913122104043', '26', '14.60', '0.62', '2', '1'),
(1415, '913122104079', '15', '4.75', '0.15', '=', '1'),
(1416, '913121104079', '30', '14.33', '0.4', '4', '1'),
(1417, '913122104097', '24', '13.25', '0.63', '64', '0'),
(1418, '913122104014', '12', '6.22', '0.22', '5', '1'),
(1419, '913121104047', '27', '14.73', '0.33', '3.3333333333333335', '1'),
(1420, '913122104050', '9', '5.20', '0.93', '121', '0'),
(1421, '913121104097', '25', '12.53', '1.08', 'el', '0'),
(1422, '913122104017', '27', '14.30', '0.15', '3', '0'),
(1423, '48', '5', '2.67', '0.09', 'Cascading Style Sheets ', '1'),
(1424, '913122104049', '8', '6.00', '0.32', '36', '0'),
(1425, '913121104109', '24', '14.65', '0.9', '64', '0'),
(1426, '913121104109', '24', '14.65', '0.9', '64', '0'),
(1427, '913122104047', '10', '7.00', '0.32', 'True ', '1'),
(1428, '0182', '3', '3.05', '0.33', 'Stack ', '1'),
(1429, '913121104017', '25', '14.68', '1.36', 'el', '0'),
(1430, '913122104066', '23', '14.52', '0.64', '[1, 2, 3, [4, 5]]', '0'),
(1431, '48', '6', '2.73', '0.06', 'Structured Query Language ', '1'),
(1432, '913122104012', '26', '14.23', '0.58', '2.5', '0'),
(1433, '913121104001', '26', '14.58', '0.83', '2', '1'),
(1434, '913122104012', '26', '14.23', '0.58', '2.5', '0'),
(1435, '913122104303', '1', '0.20', '0.93', '36', '0'),
(1436, '913121104063', '28', '14.52', '0.25', ' 10', '1'),
(1437, '913122104056', '21', '14.63', '0.23', 'To execute code regardless of whether an exception occurs or not', '1'),
(1438, '48', '7', '2.83', '0.1', 'Queue', '1'),
(1439, '913121104073', '26', '14.68', '0.36', '2', '1'),
(1440, '913121104105', '27', '14.73', '0.63', '3.3333333333333335', '1'),
(1441, '913122104014', '13', '6.48', '0.26', 'ADD', '1'),
(1442, '913122104017', '28', '14.55', '0.25', 'Garbage value', '0'),
(1443, '48', '8', '2.92', '0.09', '36', '0'),
(1444, '913122104141', '27', '14.57', '0.44', '3.3333333333333335', '1'),
(1445, '913122104043', '27', '14.90', '0.3', '3', '0'),
(1446, '913122104163', '14', '6.77', '0.32', 'I', '0'),
(1447, '913122104151', '15', '7.25', '0.65', '==', '0'),
(1448, '913122104047', '11', '7.27', '0.27', 'Str', '0'),
(1449, '913123104028', '17', '13.20', '0.72', '10', '1'),
(1450, '913122104125', '10', '7.33', '0.41', 'True ', '1'),
(1451, '913122104079', '16', '5.10', '0.35', 'O(log n)', '0'),
(1452, '913123104181', '30', '13.68', '1.28', '4', '1'),
(1453, '913122104048', '10', '7.25', '0.47', 'True ', '1'),
(1454, '913122104025', '23', '14.70', '0.65', '[1, 2, 3, 4, 5]', '1'),
(1455, '913122104002', '23', '14.85', '0.57', '[1, 2, 3, [4, 5]]', '0'),
(1456, '913121104017', '26', '15.07', '0.39', '2', '1'),
(1457, '913121104047', '28', '15.22', '0.49', ' 10', '1'),
(1458, '913122104184', '22', '14.72', '0.6', '2 4', '0'),
(1459, '913122104303', '2', '0.58', '0.8', 'O(n) ', '0'),
(1460, '913122104097', '25', '13.77', '0.52', 'el', '0'),
(1461, '913121104063', '29', '14.87', '0.35', 'Stack', '1'),
(1462, '913121104073', '27', '14.97', '0.29', '3.3333333333333335', '1'),
(1463, '913121104097', '26', '13.05', '0.52', '2', '1'),
(1464, '91312214057', '30', '14.98', '0.65', '4', '1'),
(1465, '913122104009', '17', '14.72', '0.79', 'Error', '0'),
(1466, '913122104082', '4', '1.80', '0.67', '11001 ', '1'),
(1467, '913122104033', '17', '7.42', '0.69', 'Error', '0'),
(1468, '913122104125', '11', '7.58', '0.25', 'Str', '0'),
(1469, '913123104160', '23', '13.52', '0.92', '[1, 2, 3, 4, 5]', '1'),
(1470, '913122104163', '15', '7.10', '0.33', '=', '1'),
(1471, '913122104017', '29', '14.90', '0.35', 'Queue', '0'),
(1472, '51', '10', '5.82', '0.8', 'True ', '1'),
(1473, '913122104014', '14', '6.85', '0.37', 'I', '0'),
(1474, '913123104028', '18', '13.50', '0.3', 'It is called when the object is created', '1'),
(1475, '913123104158', '18', '12.35', '0.83', 'It initializes the class attributes', '0'),
(1476, '913122104082', '5', '1.87', '0.07', 'Cascading Style Sheets ', '1'),
(1477, '913121104047', '29', '15.40', '0.18', 'Stack', '1'),
(1478, '913122104012', '27', '14.78', '0.55', '3.3333333333333335', '1'),
(1479, '913121104017', '27', '15.27', '0.2', '3', '0'),
(1480, '913122104124', '9', '5.60', '2.38', '121', '0'),
(1481, '913121104071', '28', '15.27', '0.75', 'Garbage value', '0'),
(1482, '913122104303', '3', '0.78', '0.75', 'Queue', '0'),
(1483, '913122104094', '18', '13.57', '0.87', 'It is a destructor method', '0'),
(1484, '913121104063', '30', '15.12', '0.25', '4', '1'),
(1485, '913122104079', '17', '5.52', '0.42', '10', '1'),
(1486, '51', '11', '5.98', '0.16', 'Char', '1'),
(1487, '913121104097', '27', '13.32', '0.27', '3.3333333333333335', '1'),
(1488, '913122104303', '4', '0.87', '1.07', '11001 ', '1'),
(1489, '48', '9', '3.43', '0.51', '120', '1'),
(1490, '913121104001', '27', '15.28', '0.7', '3.3333333333333335', '1'),
(1491, '913121104105', '28', '15.28', '0.55', ' 10', '1'),
(1492, '913122104048', '11', '7.67', '0.42', 'Char', '1'),
(1493, '913122104184', '23', '15.08', '0.36', '[1, 2, 3, 4, 5]', '1'),
(1494, '913122104125', '12', '7.83', '0.25', '6', '0'),
(1495, '913122104303', '5', '0.92', '0.12', 'Cascading Style Sheets ', '1'),
(1496, '913121104071', '29', '15.42', '0.15', 'Stack', '1'),
(1497, '48', '10', '3.53', '0.1', 'True ', '1'),
(1498, '913122104043', '28', '15.52', '0.62', 'Garbage value', '0'),
(1499, '913122104303', '6', '0.97', '0.11', 'Structured Query Language ', '1'),
(1500, '913122104066', '24', '15.37', '0.85', '64', '0'),
(1501, '913123104145', '20', '13.95', '1.92', '10', '1'),
(1502, '913122104303', '7', '1.02', '0.45', 'Stack', '0'),
(1503, '913122104014', '15', '7.17', '0.32', '=', '1'),
(1504, '913123104182', '23', '13.87', '1.04', '[1, 2, 3, 4, 5]', '1'),
(1505, '913121104047', '30', '15.73', '0.33', '4', '1'),
(1506, '913121104073', '28', '15.45', '0.48', ' 10', '1'),
(1507, '913122104303', '8', '1.10', '0.42', '36', '0'),
(1508, '913121104105', '29', '15.50', '0.22', 'Stack', '1'),
(1509, '913123104114', '16', '14.92', '1.6', 'O(n!)', '0'),
(1510, '913121104001', '28', '15.50', '0.22', 'Compiler Error', '0'),
(1511, '913122104017', '30', '15.33', '0.43', '3', '0'),
(1512, '913122104033', '18', '7.90', '0.48', 'It initializes the class attributes', '0'),
(1513, '913122104079', '18', '5.82', '0.3', 'It initializes the class attributes', '0'),
(1514, '913122104082', '6', '2.28', '0.41', 'Structured Query Language ', '1'),
(1515, '48', '11', '3.72', '0.19', 'Char', '1'),
(1516, '913122104009', '18', '15.25', '0.53', 'It initializes the class attributes', '0'),
(1517, '913122104097', '26', '14.35', '0.58', '2', '1'),
(1518, '913123104145', '21', '14.15', '0.2', 'To execute code regardless of whether an exception occurs or not', '1'),
(1519, '913121104109', '25', '15.75', '1.1', 'el', '0'),
(1520, '913122104184', '24', '15.38', '0.3', '64', '0'),
(1521, '913121104001', '29', '15.63', '0.13', 'Stack', '1'),
(1522, '913123104160', '24', '14.10', '0.58', '64', '0'),
(1523, '913122104049', '9', '7.15', '1.15', '110', '0'),
(1524, '913122104082', '7', '2.43', '0.15', 'Queue', '1'),
(1525, '913122104043', '29', '15.83', '0.31', 'Stack', '1'),
(1526, '913122104025', '24', '15.50', '0.8', '64', '0'),
(1527, '48', '12', '3.88', '0.16', '5', '1'),
(1528, '913122104050', '10', '6.45', '1.25', 'True ', '1'),
(1529, '913121104073', '29', '15.73', '0.28', 'Stack', '1'),
(1530, '913123104182', '24', '14.22', '0.35', '64', '0'),
(1531, '913122104056', '22', '15.73', '1.1', '1 3', '1'),
(1532, '913122104124', '10', '6.22', '0.62', 'True ', '1'),
(1533, '913121104097', '28', '13.83', '0.51', 'Garbage value', '0'),
(1534, '913121104017', '28', '15.93', '0.66', 'Garbage value', '0'),
(1535, '913122104303', '9', '1.40', '0.72', '121', '0'),
(1536, '0182', '4', '4.32', '1.27', '11001 ', '1'),
(1537, '48', '13', '3.98', '0.1', 'ADD', '1'),
(1538, '913122104141', '28', '15.63', '1.06', ' 10', '1'),
(1539, '913122104125', '13', '8.37', '0.54', 'ADD', '1'),
(1540, '913121104071', '30', '16.00', '0.58', '4', '1'),
(1541, '913122104043', '30', '16.07', '0.24', '4', '1'),
(1542, '913122104047', '12', '8.40', '1.13', '5', '1'),
(1543, '913121104031', '21', '14.80', '1.52', 'To raise exceptions', '0'),
(1544, '913121104073', '30', '15.92', '0.19', '4', '1'),
(1545, '913121104017', '29', '16.08', '0.15', 'Stack', '1'),
(1546, '913122104186', '16', '8.42', '2.25', 'O(log n)', '0'),
(1547, '913122104124', '11', '6.40', '0.18', 'Str', '0'),
(1548, '913121104105', '30', '15.98', '0.48', '4', '1'),
(1549, '913122104086', '19', '10.82', '1.75', 'Runtime Error', '0'),
(1550, '913122104050', '11', '6.72', '0.27', 'Str', '0'),
(1551, '913122104163', '16', '8.02', '0.92', 'O(n)', '0'),
(1552, '913123104028', '19', '14.43', '0.93', 'Compiler Error', '1'),
(1553, '51', '12', '6.77', '0.79', '6', '0'),
(1554, '913122104141', '29', '15.88', '0.25', 'Stack', '1'),
(1555, '913122104048', '12', '8.45', '0.78', 'Error', '0'),
(1556, '913122104018', '24', '14.95', '2.02', '12', '0'),
(1557, '913121104097', '29', '14.13', '0.3', 'Queue', '0'),
(1558, '48', '14', '4.27', '0.29', 'I', '0'),
(1559, '913122104002', '24', '16.02', '1.17', '64', '0'),
(1560, '0182', '5', '4.62', '0.3', 'Cascading Style Sheets ', '1'),
(1561, '913122104025', '25', '15.92', '0.42', 'el', '0'),
(1562, '913122104082', '8', '2.87', '0.44', '36', '0'),
(1563, '913122104009', '19', '15.85', '0.6', 'Compiler Error', '1'),
(1564, '913122104066', '25', '16.13', '0.76', 'el', '0'),
(1565, '913122104050', '12', '6.92', '0.2', '6', '0'),
(1566, '913122104097', '27', '14.98', '0.63', '3', '0'),
(1567, '913123104158', '19', '13.45', '1.1', 'Compiler Error', '1'),
(1568, '48', '15', '4.40', '0.13', '=', '1'),
(1569, '913121104001', '30', '16.25', '0.62', '5', '0'),
(1570, '913122104033', '19', '8.62', '0.72', '20', '0'),
(1571, '0182', '6', '4.80', '0.18', 'Structured Query Language ', '1'),
(1572, '51', '13', '7.00', '0.23', 'ADD', '1'),
(1573, '913122104184', '25', '16.07', '0.69', 'el', '0'),
(1574, '913122104124', '12', '6.77', '0.37', '6', '0'),
(1575, '913122104049', '10', '7.82', '0.67', 'True ', '1'),
(1576, '913121104091', '28', '16.33', '2.56', 'Garbage value', '0'),
(1577, '913122104303', '10', '1.95', '0.65', 'None', '0'),
(1578, '913122104050', '13', '7.08', '0.16', 'ADD', '1'),
(1579, '913122104186', '17', '8.83', '0.41', 'Error', '0'),
(1580, '913122104094', '19', '14.73', '1.16', 'Runtime Error', '0'),
(1581, '913122104125', '14', '8.90', '0.53', 'I', '0'),
(1582, '913123104028', '20', '14.80', '0.37', '10', '1'),
(1583, '913122104124', '13', '6.85', '0.08', 'ADD', '1'),
(1584, '913122104163', '17', '8.43', '0.41', '10', '1'),
(1585, '913121104123', '16', '8.78', '2.06', 'O(2^n)', '1'),
(1586, '913121104109', '26', '16.57', '0.82', '2', '1'),
(1587, '0182', '7', '4.97', '0.17', 'Queue', '1'),
(1588, '913122104047', '13', '8.92', '0.52', 'ADD', '1'),
(1589, '913121104097', '30', '14.50', '0.37', '5', '0'),
(1590, '913122104303', '11', '2.08', '0.2', 'Str', '0'),
(1591, '913123104182', '25', '14.95', '0.73', 'el', '0'),
(1592, '913122104048', '13', '8.90', '0.45', 'ADD', '1'),
(1593, '913122104002', '25', '16.45', '0.43', 'el', '0'),
(1594, '913123104158', '20', '13.78', '0.33', '1', '0'),
(1595, '913123104158', '20', '13.78', '0.33', '1', '0'),
(1596, '913122104082', '9', '3.33', '0.46', '120', '1'),
(1597, '913121104091', '29', '16.57', '0.24', 'Stack', '1'),
(1598, '913123104028', '21', '15.03', '0.23', 'To execute code regardless of whether an exception occurs or not', '1'),
(1599, '913123104160', '25', '15.08', '0.98', 'el', '0'),
(1600, '913122104303', '12', '2.25', '0.43', '6', '0'),
(1601, '913122104056', '23', '16.63', '0.9', '[1, 2, 3, 4, 5]', '1'),
(1602, '913122104303', '13', '2.30', '0.4', 'ADD', '1'),
(1603, '913122104097', '28', '15.48', '0.5', ' 10', '1'),
(1604, '913122104125', '15', '9.23', '0.33', '=', '1'),
(1605, '913121104031', '22', '15.60', '0.8', '2 3', '0'),
(1606, '913121104109', '27', '16.87', '0.3', '3.33', '0'),
(1607, '913122104018', '25', '15.62', '0.67', 'el', '0'),
(1608, '913122104050', '14', '7.47', '0.39', 'I', '0'),
(1609, '913122104079', '19', '7.05', '1.23', 'Compiler Error', '1'),
(1610, '913123104145', '22', '15.33', '1.18', '1 3', '1'),
(1611, '913121104017', '30', '16.93', '0.85', '4', '1'),
(1612, '913122104303', '14', '2.40', '0.55', 'I', '0'),
(1613, '913122104086', '20', '11.65', '0.83', '1', '0'),
(1614, '51', '14', '7.53', '0.53', 'I', '0'),
(1615, '913123104158', '21', '14.07', '0.29', 'To execute code regardless of whether an exception occurs or not', '1'),
(1616, '913122104303', '15', '2.45', '0.32', '=', '1'),
(1617, '913122104184', '26', '16.63', '0.56', '2', '1'),
(1618, '913122104097', '29', '15.65', '0.17', 'Stack', '1'),
(1619, '913121104091', '30', '16.85', '0.28', '4', '1'),
(1620, '913122104048', '14', '9.27', '0.37', 'I', '0'),
(1621, '913122104002', '26', '16.82', '0.37', '2.5', '0'),
(1622, '913122104163', '18', '8.92', '0.49', 'It is called when the object is created', '1'),
(1623, '48', '16', '5.10', '0.7', 'O(n!)', '0'),
(1624, '913122104025', '26', '16.73', '0.81', '2', '1'),
(1625, '913122104009', '20', '16.63', '0.78', '10', '1'),
(1626, '913122104082', '10', '3.73', '0.4', 'True ', '1'),
(1627, '913122104066', '26', '16.98', '0.85', '2.5', '0'),
(1628, '913122104033', '20', '9.40', '0.78', '1', '0'),
(1629, '913123104114', '17', '16.48', '1.56', '10', '1'),
(1630, '913122104050', '15', '7.78', '0.31', '==', '0'),
(1631, '913122104186', '18', '9.55', '0.72', 'It is called when the object is created', '1'),
(1632, '913122104124', '14', '7.55', '0.7', 'I', '0'),
(1633, '913122104184', '27', '16.87', '0.24', '3.3333333333333335', '1'),
(1634, '913122104025', '27', '16.95', '0.22', '3.3333333333333335', '1'),
(1635, '913122104144', '20', '17.13', '3.55', '10', '1'),
(1636, '913122104097', '30', '15.95', '0.3', '4', '1'),
(1637, '913121104123', '17', '9.55', '0.77', 'Error', '0'),
(1638, '913123104028', '22', '15.58', '0.55', '2 4', '0'),
(1639, '913122104014', '16', '8.93', '1.76', 'O(2^n)', '1'),
(1640, '913123104160', '26', '15.63', '0.55', '2', '1'),
(1641, '913122104009', '21', '16.88', '0.25', 'To execute code regardless of whether an exception occurs or not', '1'),
(1642, '913121104031', '23', '16.07', '0.47', '[1, 2, 3, 4, 5]', '1'),
(1643, '913121104109', '28', '17.37', '0.5', ' 10', '1'),
(1644, '913122104033', '21', '9.60', '0.2', 'To execute code regardless of whether an exception occurs or not', '1'),
(1645, '913123104145', '23', '15.78', '0.45', '[1, 2, 3, 4, 5]', '1'),
(1646, '913122104082', '11', '4.02', '0.29', 'Char', '1'),
(1647, '913122104002', '27', '17.18', '0.36', '3.33', '0'),
(1648, '913122104124', '15', '7.72', '0.17', '=', '1'),
(1649, '913122104086', '21', '12.10', '0.45', 'To execute code regardless of whether an exception occurs or not', '1'),
(1650, '913122104018', '26', '16.15', '0.53', '2', '1'),
(1651, '913122104050', '16', '8.02', '0.24', 'O(log n)', '0'),
(1652, '913122104141', '30', '17.12', '1.24', '4', '1'),
(1653, '913122104079', '20', '7.58', '0.53', '1', '0'),
(1654, '913122104303', '16', '2.92', '1.73', 'O(log n)', '0'),
(1655, '913122104049', '11', '8.83', '1.01', 'Str', '0'),
(1656, '913122104184', '28', '17.12', '0.25', ' 10', '1'),
(1657, '913122104066', '27', '17.33', '0.35', '3.33', '0'),
(1658, '913123104182', '26', '15.83', '0.88', '3', '0'),
(1659, '913121104109', '29', '17.52', '0.15', 'Stack', '1'),
(1660, '51', '15', '8.17', '0.64', '==', '0'),
(1661, '913122104082', '12', '4.22', '0.2', '5', '1'),
(1662, '913122104144', '21', '17.43', '0.3', 'To execute code regardless of whether an exception occurs or not', '1'),
(1663, '913122104186', '19', '9.93', '0.38', 'Compiler Error', '1'),
(1664, '48', '17', '5.65', '0.55', '10', '1'),
(1665, '913122104047', '14', '9.95', '1.03', 'I', '0'),
(1666, '913122104048', '15', '9.87', '0.6', '!=', '0'),
(1667, '913122104018', '27', '16.37', '0.22', '3', '0'),
(1668, '913123104114', '18', '16.95', '0.47', 'It initializes the class attributes', '0'),
(1669, '913122104025', '28', '17.33', '0.38', ' 10', '1'),
(1670, '913122104082', '13', '4.32', '0.1', 'ADD', '1'),
(1671, '913122104303', '17', '3.17', '0.3', '10', '1'),
(1672, '913121104109', '30', '17.72', '0.2', '4', '1'),
(1673, '913121104109', '30', '17.72', '0.2', '4', '1'),
(1674, '913123104158', '22', '14.87', '0.8', '1 2', '0'),
(1675, '913122104184', '29', '17.40', '0.28', 'Queue', '0'),
(1676, '913123104158', '22', '14.87', '0.8', '1 2', '0'),
(1677, '913122104124', '16', '8.10', '0.38', 'O(n)', '0'),
(1678, '913122104050', '17', '8.37', '0.35', '10', '1'),
(1679, '48', '18', '5.82', '0.17', 'It initializes the class attributes', '0'),
(1680, '913122104047', '15', '10.12', '0.17', '==', '0'),
(1681, '913123104028', '23', '16.07', '0.49', '[1, 2, 3, 4, 5]', '1'),
(1682, '913122104002', '28', '17.58', '0.4', ' 10', '1'),
(1683, '913122104009', '22', '17.38', '0.5', '1 3', '1'),
(1684, '913122104079', '21', '8.00', '0.42', 'To execute code regardless of whether an exception occurs or not', '1'),
(1685, '913122104014', '17', '9.47', '0.54', '10', '1'),
(1686, '913122104012', '28', '17.38', '2.6', ' 10', '1');
INSERT INTO `stud` (`SNO`, `regno`, `question`, `time`, `timer`, `yanswer`, `value`) VALUES
(1687, '913122104025', '29', '17.53', '0.2', 'Stack', '1'),
(1688, '913122104018', '28', '16.62', '0.25', ' 10', '1'),
(1689, '913123104182', '27', '16.22', '0.39', '3', '0'),
(1690, '913122104125', '16', '10.28', '1.05', 'O(log n)', '0'),
(1691, '913123104145', '24', '16.38', '0.6', '512', '1'),
(1692, '0182', '8', '6.42', '1.45', '36', '0'),
(1693, '913122104094', '20', '16.27', '1.54', '5', '0'),
(1694, '913122104002', '29', '17.90', '0.32', 'Stack', '1'),
(1695, '913123104028', '24', '16.38', '0.31', '64', '0'),
(1696, '913122104012', '29', '17.65', '0.27', 'Stack', '1'),
(1697, '913122104151', '16', '10.47', '3.22', 'O(n!)', '0'),
(1698, '913122104163', '19', '10.03', '1.11', 'Runtime Error', '0'),
(1699, '913122104184', '30', '17.80', '0.4', '4', '1'),
(1700, '913122104009', '23', '17.72', '0.34', '[1, 2, 3, 4, 5]', '1'),
(1701, '913122104025', '30', '17.88', '0.35', '4', '1'),
(1702, '913122104124', '17', '8.53', '0.43', '10', '1'),
(1703, '913123104160', '27', '16.53', '0.9', '3.33', '0'),
(1704, '913122104082', '14', '4.85', '0.53', 'I', '0'),
(1705, '913122104018', '29', '17.00', '0.38', 'Stack', '1'),
(1706, '913122104014', '18', '9.92', '0.45', 'It is called when the object is created', '1'),
(1707, '913123104182', '28', '16.62', '0.4', 'Compiler Error', '0'),
(1708, '913122104056', '24', '18.17', '1.54', '64', '0'),
(1709, '51', '16', '8.92', '0.75', 'O(log n)', '0'),
(1710, '913122104094', '21', '16.55', '0.28', 'To execute code regardless of whether an exception occurs or not', '1'),
(1711, '913122104049', '12', '9.72', '0.89', '6', '0'),
(1712, '913122104082', '15', '5.00', '0.15', '=', '1'),
(1713, '913121104031', '24', '17.12', '1.05', '512', '1'),
(1714, '913122104151', '17', '10.82', '0.35', '10', '1'),
(1715, '913122104303', '18', '3.97', '-5.98', 'It initializes the class attributes', '0'),
(1716, '913122104033', '22', '10.75', '1.15', '1 2', '0'),
(1717, '913122104050', '18', '9.13', '0.76', 'It initializes the class attributes', '0'),
(1718, '913122104009', '24', '18.10', '0.38', '64', '0'),
(1719, '913122104144', '22', '18.40', '0.97', '1 3', '1'),
(1720, '913123104028', '25', '16.85', '0.47', 'el', '0'),
(1721, '913122104086', '22', '13.28', '1.18', '1 3', '1'),
(1722, '913122104018', '30', '17.33', '0.33', '3', '0'),
(1723, '913122104079', '22', '8.78', '0.78', '1 3', '1'),
(1724, '913123104160', '28', '16.97', '0.44', 'Garbage value', '0'),
(1725, '913122104047', '16', '11.05', '0.93', 'O(2^n)', '1'),
(1726, '913123104158', '23', '15.82', '0.95', '[1, 2, 3, 4, 5]', '1'),
(1727, '913123104158', '23', '15.82', '0.95', '[1, 2, 3, 4, 5]', '1'),
(1728, '913122104124', '18', '9.03', '0.5', 'It is called when the object is created', '1'),
(1729, '0182', '9', '7.12', '0.7', '110', '0'),
(1730, '913121104031', '25', '17.47', '0.35', 'el', '0'),
(1731, '913123104145', '25', '17.17', '0.79', 'el', '0'),
(1732, '48', '19', '6.80', '0.98', '20', '0'),
(1733, '913122104066', '28', '18.63', '1.3', ' 10', '1'),
(1734, '913122104002', '30', '18.60', '0.7', '3', '0'),
(1735, '913123104160', '29', '17.13', '0.16', 'Linked List', '0'),
(1736, '913122104151', '18', '11.13', '0.31', 'It initializes the class attributes', '0'),
(1737, '913122104009', '25', '18.45', '0.35', 'el', '0'),
(1738, '913122104082', '16', '5.52', '0.52', 'O(log n)', '0'),
(1739, '913122104086', '23', '13.62', '0.34', '[1, 2, 3, [4], [5]]', '0'),
(1740, '913123104182', '29', '17.25', '0.63', 'Stack', '1'),
(1741, '51', '17', '9.53', '0.61', 'Error', '0'),
(1742, '913122104144', '23', '18.80', '0.4', '[1, 2, 3, 4, 5]', '1'),
(1743, '913122104033', '23', '11.23', '0.48', '[1, 2, 3, [4, 5]]', '0'),
(1744, '913122104163', '20', '10.88', '0.85', '10', '1'),
(1745, '913122104066', '29', '18.88', '0.25', 'Stack', '1'),
(1746, '913123104158', '24', '16.15', '0.33', '64', '0'),
(1747, '913123104158', '24', '16.15', '0.33', '64', '0'),
(1748, '913121104031', '26', '17.80', '0.33', '2', '1'),
(1749, '913122104079', '23', '9.23', '0.45', '[1, 2, 3, 4, 5]', '1'),
(1750, '913122104082', '17', '5.70', '0.18', '10', '1'),
(1751, '913123104114', '19', '18.38', '1.43', '20', '0'),
(1752, '913122104014', '19', '10.72', '0.8', 'Compiler Error', '1'),
(1753, '913122104050', '19', '9.70', '0.57', 'Compiler Error', '1'),
(1754, '913122104050', '19', '9.70', '0.57', 'Compiler Error', '1'),
(1755, '913123104160', '30', '17.47', '0.34', '4', '1'),
(1756, '913123104028', '26', '17.45', '0.6', '2.5', '0'),
(1757, '913122104049', '13', '10.55', '0.83', 'ADD', '1'),
(1758, '913122104163', '21', '11.12', '0.24', 'To execute code regardless of whether an exception occurs or not', '1'),
(1759, '913122104144', '24', '19.12', '0.32', '64', '0'),
(1760, '913121104031', '27', '18.02', '0.22', '3.3333333333333335', '1'),
(1761, '913122104056', '25', '19.13', '0.96', 'el', '0'),
(1762, '913122104047', '17', '11.72', '0.67', '10', '1'),
(1763, '913123104158', '25', '16.52', '0.37', 'el', '0'),
(1764, '913122104303', '19', '4.88', '0.91', '20', '0'),
(1765, '913122104033', '24', '11.65', '0.42', '64', '0'),
(1766, '913122104048', '16', '11.73', '1.86', 'O(n)', '0'),
(1767, '913122104012', '30', '19.00', '1.35', '3', '0'),
(1768, '913123104145', '26', '17.95', '0.78', '2', '1'),
(1769, '913122104125', '17', '11.92', '1.64', '10', '1'),
(1770, '913122104082', '18', '6.18', '0.48', 'It initializes the class attributes', '0'),
(1771, '913122104009', '26', '19.15', '0.7', '3', '0'),
(1772, '913123104182', '30', '17.92', '0.67', '4', '1'),
(1773, '913122104086', '24', '14.32', '0.7', '512', '1'),
(1774, '51', '18', '10.22', '0.69', 'It is called when the object is created', '1'),
(1775, '913122104144', '25', '19.48', '0.36', 'el', '0'),
(1776, '913121104031', '28', '18.40', '0.38', ' 10', '1'),
(1777, '913122104033', '25', '11.90', '0.25', 'el', '0'),
(1778, '913122104124', '19', '10.00', '0.97', 'Compiler Error', '1'),
(1779, '913122104056', '26', '19.52', '0.39', '2', '1'),
(1780, '913123104028', '27', '18.07', '0.62', '3.3333333333333335', '1'),
(1781, '913122104125', '18', '12.18', '0.26', 'It initializes the class attributes', '0'),
(1782, '913123104158', '26', '16.90', '0.38', '2', '1'),
(1783, '913123104158', '26', '16.90', '0.38', '2', '1'),
(1784, '913122104151', '19', '12.13', '1', 'Compiler Error', '1'),
(1785, '913122104014', '20', '11.45', '0.73', '10', '1'),
(1786, '913122104009', '27', '19.42', '0.27', '3.3333333333333335', '1'),
(1787, '913122104066', '30', '19.73', '0.85', '1', '0'),
(1788, '913121104031', '29', '18.68', '0.28', 'Stack', '1'),
(1789, '913122104056', '27', '19.80', '0.28', '3', '0'),
(1790, '913122104082', '19', '6.62', '0.44', 'Compiler Error', '1'),
(1791, '913122104086', '25', '14.72', '0.4', 'el', '0'),
(1792, '913122104094', '22', '18.27', '1.72', '1 3', '1'),
(1793, '913122104186', '20', '12.40', '2.47', '5', '0'),
(1794, '913122104009', '28', '19.63', '0.21', ' 10', '1'),
(1795, '913122104079', '24', '10.23', '1', '64', '0'),
(1796, '913123104145', '27', '18.53', '0.58', '3', '0'),
(1797, '913123104158', '27', '17.23', '0.33', '3.3333333333333335', '1'),
(1798, '913122104048', '17', '12.42', '0.69', '10', '1'),
(1799, '913122104047', '18', '12.50', '0.78', 'It is a destructor method', '0'),
(1800, '913123104028', '28', '18.43', '0.36', 'Compiler Error', '0'),
(1801, '913122104050', '20', '10.77', '1.07', '5', '0'),
(1802, '0182', '10', '8.60', '1.48', 'True ', '1'),
(1803, '913122104014', '21', '11.83', '0.38', 'To execute code regardless of whether an exception occurs or not', '1'),
(1804, '913122104009', '29', '19.80', '0.17', 'Stack', '1'),
(1805, '913122104144', '26', '20.15', '0.67', '2.0', '0'),
(1806, '913121104031', '30', '19.05', '0.37', '4', '1'),
(1807, '913122104086', '26', '15.02', '0.3', '2', '1'),
(1808, '913122104033', '26', '12.55', '0.65', '2.5', '0'),
(1809, '913122104079', '25', '10.50', '0.27', 'el', '0'),
(1810, '913123104158', '28', '17.50', '0.27', 'Garbage value', '0'),
(1811, '913123104028', '29', '18.67', '0.24', 'Linked List', '0'),
(1812, '913123104114', '20', '19.70', '1.32', '10', '1'),
(1813, '913122104094', '23', '18.65', '0.38', '[1, 2, 3, 4, 5]', '1'),
(1814, '913122104009', '30', '20.02', '0.22', '4', '1'),
(1815, '913122104048', '18', '12.75', '0.33', 'It is called when the object is created', '1'),
(1816, '913122104144', '27', '20.35', '0.2', '3.0', '0'),
(1817, '913122104186', '21', '12.87', '0.47', 'To execute code regardless of whether an exception occurs or not', '1'),
(1818, '913122104056', '28', '20.38', '0.58', ' 10', '1'),
(1819, '913123104158', '29', '17.65', '0.15', 'Tree', '0'),
(1820, '913122104050', '21', '11.13', '0.36', 'To execute code regardless of whether an exception occurs or not', '1'),
(1821, '913123104145', '28', '19.00', '0.47', ' 10', '1'),
(1822, '913122104079', '26', '10.75', '0.25', '2', '1'),
(1823, '913122104049', '14', '11.98', '1.43', 'I', '0'),
(1824, '913122104086', '27', '15.33', '0.31', '3', '0'),
(1825, '913122104163', '22', '12.55', '1.43', '1 3', '1'),
(1826, '913122104303', '20', '6.17', '1.29', '1', '0'),
(1827, '48', '20', '8.73', '1.93', '10', '1'),
(1828, '913122104033', '27', '12.93', '0.38', '3', '0'),
(1829, '913123104158', '30', '17.82', '0.17', '4', '1'),
(1830, '913122104079', '27', '10.93', '0.18', '3', '0'),
(1831, '913123104114', '21', '20.08', '0.38', 'To execute code regardless of whether an exception occurs or not', '1'),
(1832, '48', '21', '8.83', '0.1', 'To execute code regardless of whether an exception occurs or not', '1'),
(1833, '913122104082', '20', '7.42', '0.8', '10', '1'),
(1834, '0182', '11', '9.22', '0.62', 'Char', '1'),
(1835, '913122104144', '28', '20.67', '0.32', ' 10', '1'),
(1836, '0182', '11', '9.22', '0.62', 'Char', '1'),
(1837, '913122104056', '29', '20.67', '0.29', 'Stack', '1'),
(1838, '913123104145', '29', '19.28', '0.28', 'Queue', '0'),
(1839, '913122104124', '20', '11.20', '1.2', '1', '0'),
(1840, '913122104151', '20', '13.22', '1.09', '5', '0'),
(1841, '913122104049', '15', '12.33', '0.35', '=', '1'),
(1842, '913122104303', '21', '6.45', '0.28', 'To execute code regardless of whether an exception occurs or not', '1'),
(1843, '913123104028', '30', '19.25', '0.58', '4', '1'),
(1844, '913122104124', '21', '11.33', '0.13', 'To execute code regardless of whether an exception occurs or not', '1'),
(1845, '913122104086', '28', '15.72', '0.39', 'Garbage value', '0'),
(1846, '913122104144', '29', '20.87', '0.2', 'Stack', '1'),
(1847, '0182', '12', '9.42', '0.2', '6', '0'),
(1848, '0182', '12', '9.42', '0.2', '6', '0'),
(1849, '913123104145', '30', '19.48', '0.2', '4', '1'),
(1850, '913122104082', '21', '7.68', '0.26', 'To execute code regardless of whether an exception occurs or not', '1'),
(1851, '913122104151', '21', '13.45', '0.23', 'To execute code regardless of whether an exception occurs or not', '1'),
(1852, '48', '22', '9.22', '0.39', '1 3', '1'),
(1853, '913122104050', '22', '11.78', '0.65', '1 3', '1'),
(1854, '913122104163', '23', '13.10', '0.55', '[1, 2, 3, 4, 5]', '1'),
(1855, '0182', '13', '9.63', '0.21', 'ADD', '1'),
(1856, '913122104079', '28', '11.40', '0.47', ' 10', '1'),
(1857, '0182', '13', '9.63', '0.21', 'ADD', '1'),
(1858, '913122104125', '19', '13.65', '1.47', 'Runtime Error', '0'),
(1859, '913122104086', '29', '15.97', '0.25', 'Stack', '1'),
(1860, '48', '23', '9.38', '0.16', '[1, 2, 3, 4, 5]', '1'),
(1861, '913122104049', '16', '12.78', '0.45', 'O(2^n)', '1'),
(1862, '913122104050', '23', '12.00', '0.22', '[1, 2, 3, 4, 5]', '1'),
(1863, '913121104123', '18', '13.70', '4.15', 'It initializes the class attributes', '0'),
(1864, '913122104079', '29', '11.62', '0.22', 'Stack', '1'),
(1865, '51', '19', '12.13', '1.91', 'Compiler Error', '1'),
(1866, '913122104033', '28', '13.78', '0.85', ' 10', '1'),
(1867, '913122104014', '22', '13.17', '1.34', '1 3', '1'),
(1868, '913122104086', '30', '16.27', '0.3', '4', '1'),
(1869, '48', '24', '9.70', '0.32', '64', '0'),
(1870, '913122104056', '30', '21.53', '0.86', '4', '1'),
(1871, '913122104033', '29', '13.98', '0.2', 'Stack', '1'),
(1872, '913122104124', '22', '12.10', '0.77', '1 3', '1'),
(1873, '913122104094', '24', '20.03', '1.38', '512', '1'),
(1874, '913122104050', '24', '12.42', '0.42', '64', '0'),
(1875, '913122104303', '22', '7.30', '0.85', '1 3', '1'),
(1876, '48', '25', '9.88', '0.18', 'el', '0'),
(1877, '913122104144', '30', '21.70', '0.83', '5', '0'),
(1878, '913123104114', '22', '21.18', '1.1', '1 2', '0'),
(1879, '913122104082', '22', '8.55', '0.87', '1 3', '1'),
(1880, '913122104048', '19', '14.22', '1.47', '20', '0'),
(1881, '913122104014', '23', '13.65', '0.48', '[1, 2, 3, [4, 5]]', '0'),
(1882, '913122104050', '25', '12.65', '0.23', 'el', '0'),
(1883, '0182', '14', '10.45', '0.82', 'I', '0'),
(1884, '0182', '14', '10.45', '0.82', 'I', '0'),
(1885, '913122104124', '23', '12.48', '0.38', '[1, 2, 3, 4, 5]', '1'),
(1886, '913123104114', '23', '21.47', '0.29', '[1, 2, 3, 4, 5]', '1'),
(1887, '913122104049', '17', '13.58', '0.8', '10', '1'),
(1888, '913122104186', '22', '14.57', '1.7', '1 3', '1'),
(1889, '913122104163', '24', '14.13', '1.03', '64', '0'),
(1890, '913122104033', '30', '14.48', '0.5', '3', '0'),
(1891, '913122104082', '23', '8.87', '0.32', '[1, 2, 3, 4, 5]', '1'),
(1892, '913122104151', '22', '14.58', '1.13', '1 3', '1'),
(1893, '913122104094', '25', '20.52', '0.49', 'el', '0'),
(1894, '48', '26', '10.37', '0.49', '2', '1'),
(1895, '913122104014', '24', '13.97', '0.32', '64', '0'),
(1896, '0182', '15', '10.83', '0.38', '=', '1'),
(1897, '913121104123', '19', '14.80', '1.1', 'Compiler Error', '1'),
(1898, '913122104303', '23', '8.03', '0.73', '[1, 2, 3, 4, 5]', '1'),
(1899, '913122104050', '26', '13.17', '0.52', '2.5', '0'),
(1900, '913122104047', '19', '14.93', '2.43', 'Compiler Error', '1'),
(1901, '913122104082', '24', '9.27', '0.4', '512', '1'),
(1902, '913122104124', '24', '12.98', '0.5', '64', '0'),
(1903, '913122104014', '25', '14.37', '0.4', 'el', '0'),
(1904, '913123104114', '24', '22.07', '0.6', '512', '1'),
(1905, '913122104094', '26', '21.03', '0.51', '2', '1'),
(1906, '913122104186', '23', '15.18', '0.61', '[1, 2, 3, 4, 5]', '1'),
(1907, '48', '27', '10.88', '0.51', '3.0', '0'),
(1908, '51', '20', '13.53', '1.4', '1', '0'),
(1909, '913122104124', '25', '13.28', '0.3', 'el', '0'),
(1910, '913122104163', '25', '14.88', '0.75', 'el', '0'),
(1911, '913122104094', '27', '21.22', '0.19', '3', '0'),
(1912, '913123104114', '25', '22.32', '0.25', 'el', '0'),
(1913, '913122104050', '27', '13.62', '0.45', '3.33', '0'),
(1914, '51', '21', '13.68', '0.15', 'To execute code regardless of whether an exception occurs or not', '1'),
(1915, '913122104303', '24', '8.65', '0.62', '512', '1'),
(1916, '913121104123', '20', '15.42', '0.62', '10', '1'),
(1917, '913122104050', '28', '13.82', '0.2', 'Garbage value', '0'),
(1918, '913122104094', '28', '21.47', '0.25', ' 10', '1'),
(1919, '913122104082', '25', '9.90', '0.63', 'el', '0'),
(1920, '913122104050', '29', '13.93', '0.11', 'Stack', '1'),
(1921, '913122104163', '26', '15.25', '0.37', '2', '1'),
(1922, '913122104124', '26', '13.72', '0.44', '2', '1'),
(1923, '913122104079', '30', '13.60', '1.98', '4', '1'),
(1924, '913122104049', '18', '14.82', '1.24', 'It is called when the object is created', '1'),
(1925, '913122104094', '29', '21.72', '0.25', 'Stack', '1'),
(1926, '913121104123', '21', '15.75', '0.33', 'To execute code regardless of whether an exception occurs or not', '1'),
(1927, '51', '22', '14.10', '0.42', '2 3', '0'),
(1928, '913122104151', '23', '15.85', '1.27', '[1, 2, 3, [4, 5]]', '0'),
(1929, '913122104082', '26', '10.17', '0.27', '2.5', '0'),
(1930, '48', '28', '11.62', '0.74', 'Compiler Error', '0'),
(1931, '913122104163', '27', '15.47', '0.22', '3', '0'),
(1932, '913122104186', '24', '15.93', '0.75', '64', '0'),
(1933, '913122104082', '27', '10.35', '0.18', '3.3333333333333335', '1'),
(1934, '48', '29', '11.82', '0.2', 'Stack', '1'),
(1935, '913122104303', '25', '9.25', '0.6', 'el', '0'),
(1936, '913122104050', '30', '14.38', '0.45', '4', '1'),
(1937, '51', '23', '14.45', '0.35', '[1, 2, 3, [4, 5]]', '0'),
(1938, '913123104114', '26', '23.18', '0.86', '2.5', '0'),
(1939, '913122104186', '25', '16.23', '0.3', 'el', '0'),
(1940, '913122104094', '30', '22.20', '0.48', '4', '1'),
(1941, '913122104163', '28', '15.90', '0.43', ' 10', '1'),
(1942, '48', '30', '12.12', '0.3', '3', '0'),
(1943, '0182', '16', '12.47', '1.64', 'O(n)', '0'),
(1944, '0182', '16', '12.47', '1.64', 'O(n)', '0'),
(1945, '913122104047', '20', '16.47', '1.54', '5', '0'),
(1946, '913121104123', '22', '16.38', '0.63', '1 3', '1'),
(1947, '913122104082', '28', '10.80', '0.45', ' 10', '1'),
(1948, '913122104014', '26', '15.82', '1.45', '3', '0'),
(1949, '913122104186', '26', '16.55', '0.32', '2', '1'),
(1950, '913122104163', '29', '16.18', '0.28', 'Stack', '1'),
(1951, '913122104082', '29', '10.95', '0.15', 'Stack', '1'),
(1952, '913122104124', '27', '14.65', '0.93', '3', '0'),
(1953, '913122104047', '21', '16.72', '0.25', 'To execute code regardless of whether an exception occurs or not', '1'),
(1954, '0182', '17', '12.77', '0.3', '10', '1'),
(1955, '0182', '17', '12.78', '0.3', '10', '1'),
(1956, '913121104123', '23', '16.70', '0.32', '[1, 2, 3, 4, 5]', '1'),
(1957, '913122104186', '27', '16.80', '0.25', '3.3333333333333335', '1'),
(1958, '913122104014', '27', '16.10', '0.28', '3.3333333333333335', '1'),
(1959, '913122104151', '24', '16.83', '0.98', '64', '0'),
(1960, '913122104082', '30', '11.13', '0.18', '4', '1'),
(1961, '0182', '18', '12.93', '0.16', 'It initializes the class attributes', '0'),
(1962, '0182', '18', '12.95', '0.16', 'It initializes the class attributes', '0'),
(1963, '913122104048', '20', '16.88', '2.66', '5', '0'),
(1964, '913121104123', '24', '16.90', '0.2', '512', '1'),
(1965, '913122104049', '19', '16.05', '1.23', '20', '0'),
(1966, '913122104124', '28', '15.08', '0.43', ' 10', '1'),
(1967, '913122104303', '26', '10.25', '1', '2.0', '0'),
(1968, '913121104123', '25', '17.03', '0.13', 'el', '0'),
(1969, '913122104186', '28', '17.15', '0.35', 'Garbage value', '0'),
(1970, '913122104125', '20', '17.28', '3.63', '5', '0'),
(1971, '913122104303', '27', '10.38', '0.13', '3.33', '0'),
(1972, '913122104186', '29', '17.32', '0.17', 'Stack', '1'),
(1973, '913122104124', '29', '15.32', '0.24', 'Stack', '1'),
(1974, '913122104014', '28', '16.65', '0.55', ' 10', '1'),
(1975, '913122104125', '21', '17.43', '0.15', 'To execute code regardless of whether an exception occurs or not', '1'),
(1976, '913123104114', '27', '24.38', '1.2', '3.33', '0'),
(1977, '913121104123', '26', '17.33', '0.3', '2', '1'),
(1978, '0182', '19', '13.52', '0.59', '20', '0'),
(1979, '913122104303', '28', '10.65', '0.27', ' 10', '1'),
(1980, '913122104186', '30', '17.63', '0.31', '4', '1'),
(1981, '913121104123', '27', '17.55', '0.22', '3.3333333333333335', '1'),
(1982, '913122104151', '25', '17.68', '0.85', 'll', '1'),
(1983, '913122104124', '30', '15.72', '0.4', '4', '1'),
(1984, '913122104049', '20', '16.78', '0.73', '1', '0'),
(1985, '913122104047', '22', '17.77', '1.05', '1 3', '1'),
(1986, '913121104123', '28', '17.83', '0.28', 'Compiler Error', '0'),
(1987, '51', '24', '16.20', '1.75', '64', '0'),
(1988, '913122104303', '29', '11.17', '0.52', 'Linked List', '0'),
(1989, '913121104123', '29', '17.97', '0.14', 'Stack', '1'),
(1990, '913122104163', '30', '17.65', '1.47', '4', '1'),
(1991, '913122104014', '29', '17.45', '0.8', 'Stack', '1'),
(1992, '913121104123', '30', '18.07', '0.1', '4', '1'),
(1993, '51', '25', '16.42', '0.22', 'e', '0'),
(1994, '913122104049', '21', '17.20', '0.42', 'To execute code regardless of whether an exception occurs or not', '1'),
(1995, '913122104125', '22', '18.25', '0.82', '1 3', '1'),
(1996, '913122104151', '26', '18.25', '0.57', '2', '1'),
(1997, '913122104303', '30', '11.50', '0.33', '4', '1'),
(1998, '913122104047', '23', '18.42', '0.65', '[1, 2, 3, 4, 5]', '1'),
(1999, '51', '26', '16.68', '0.26', '2.5', '0'),
(2000, '913122104048', '21', '18.35', '1.47', 'To raise exceptions', '0'),
(2001, '913122104151', '27', '18.45', '0.2', '3', '0'),
(2002, '51', '27', '16.83', '0.15', '3', '0'),
(2003, '913122104047', '24', '18.72', '0.3', '64', '0'),
(2004, '0182', '20', '14.77', '1.25', '20', '0'),
(2005, '913122104125', '23', '18.83', '0.58', '[1, 2, 3, 4, 5]', '1'),
(2006, '913122104014', '30', '18.08', '0.63', '4', '1'),
(2007, '51', '28', '17.12', '0.29', ' 10', '1'),
(2008, '913122104049', '22', '17.92', '0.72', '1 2', '0'),
(2009, '0182', '21', '14.95', '0.18', 'To execute code regardless of whether an exception occurs or not', '1'),
(2010, '51', '29', '17.27', '0.15', 'Stack', '1'),
(2011, '913122104151', '28', '19.02', '0.57', 'Garbage value', '0'),
(2012, '913122104047', '25', '19.05', '0.33', 'el', '0'),
(2013, '913122104125', '24', '19.20', '0.37', '64', '0'),
(2014, '51', '30', '17.57', '0.3', '4', '1'),
(2015, '913123104114', '28', '26.30', '1.92', ' 10', '1'),
(2016, '913122104151', '29', '19.40', '0.38', 'Stack', '1'),
(2017, '913122104125', '25', '19.50', '0.3', 'el', '0'),
(2018, '913122104047', '26', '19.50', '0.45', '2', '1'),
(2019, '0182', '22', '15.62', '0.67', '1 2', '0'),
(2020, '0182', '22', '15.62', '0.67', '1 2', '0'),
(2021, '913122104049', '23', '18.63', '0.71', '[1, 2, 3, [4, 5]]', '0'),
(2022, '913122104047', '27', '19.62', '0.12', '3', '0'),
(2023, '913123104114', '29', '26.67', '0.37', 'Stack', '1'),
(2024, '913123104114', '29', '26.67', '0.37', 'Stack', '1'),
(2025, '0182', '23', '15.95', '0.33', '[1, 2, 3, 4, 5]', '1'),
(2026, '0182', '23', '15.97', '0.33', '[1, 2, 3, 4, 5]', '1'),
(2027, '0182', '23', '15.97', '0.33', '[1, 2, 3, 4, 5]', '1'),
(2028, '913122104048', '22', '19.98', '1.63', '1 3', '1'),
(2029, '913122104047', '28', '20.10', '0.48', ' 10', '1'),
(2030, '0182', '24', '16.22', '0.27', '64', '0'),
(2031, '0182', '24', '16.23', '0.27', '64', '0'),
(2032, '913122104151', '30', '20.18', '0.78', '4', '1'),
(2033, '913122104049', '24', '19.23', '0.6', '64', '0'),
(2034, '913122104047', '29', '20.30', '0.2', 'Stack', '1'),
(2035, '0182', '25', '16.37', '0.15', 'el', '0'),
(2036, '0182', '25', '16.37', '0.15', 'el', '0'),
(2037, '913122104125', '26', '20.53', '1.03', '2', '1'),
(2038, '0182', '26', '16.68', '0.31', '2', '1'),
(2039, '0182', '26', '16.68', '0.31', '2', '1'),
(2040, '913123104114', '30', '27.65', '0.98', '4', '1'),
(2041, '913122104049', '25', '19.80', '0.57', 'e', '0'),
(2042, '913122104048', '23', '20.78', '0.8', '[1, 2, 3, [4, 5]]', '0'),
(2043, '913122104125', '27', '20.93', '0.4', '3.3333333333333335', '1'),
(2044, '0182', '27', '17.03', '0.35', '3.3333333333333335', '1'),
(2045, '0182', '27', '17.03', '0.35', '3.3333333333333335', '1'),
(2046, '913122104047', '30', '21.03', '0.73', '4', '1'),
(2047, '913122104049', '26', '20.25', '0.45', '2.5', '0'),
(2048, '0182', '28', '17.55', '0.52', ' 10', '1'),
(2049, '0182', '29', '17.72', '0.17', 'Stack', '1'),
(2050, '0182', '29', '17.72', '0.17', 'Stack', '1'),
(2051, '913122104049', '27', '20.92', '0.67', '3.3333333333333335', '1'),
(2052, '913122104125', '28', '22.12', '1.19', 'Garbage value', '0'),
(2053, '913122104049', '28', '21.27', '0.35', 'Garbage value', '0'),
(2054, '0182', '30', '18.43', '0.71', '3', '0'),
(2055, '913122104125', '29', '22.47', '0.35', 'Queue', '0'),
(2056, '913122104049', '29', '21.58', '0.31', 'Stack', '1'),
(2057, '913122104049', '30', '22.00', '0.42', '4', '1'),
(2058, '913122104125', '30', '23.03', '0.56', '4', '1'),
(2059, '913122104048', '24', '23.28', '2.5', '64', '0'),
(2060, '913122104048', '25', '23.73', '0.45', 'el', '0'),
(2061, '913122104048', '26', '24.33', '0.6', '2', '1'),
(2062, '913122104048', '27', '24.70', '0.37', '3.3333333333333335', '1'),
(2063, '913122104048', '28', '25.02', '0.32', ' 10', '1'),
(2064, '913122104048', '29', '25.33', '0.31', 'Stack', '1'),
(2065, '913122104048', '30', '25.67', '0.34', '4', '1'),
(2066, '074', '1', '1.35', '1.35', '36', '0'),
(2067, '074', '2', '1.85', '0.5', 'O(n log n) ', '1'),
(2068, '074', '3', '1.97', '0.12', 'Stack ', '1'),
(2069, '074', '4', '2.07', '0.1', '11001 ', '1'),
(2070, '074', '5', '2.13', '0.06', 'Cascading Style Sheets ', '1'),
(2071, '074', '6', '2.20', '0.07', 'Structured Query Language ', '1'),
(2072, '074', '7', '2.27', '0.07', 'Queue', '1'),
(2073, '074', '8', '2.52', '0.25', '36', '0'),
(2074, '074', '9', '4.27', '1.75', '120', '1'),
(2075, '074', '10', '4.57', '0.3', 'True ', '1'),
(2076, '074', '11', '4.88', '0.31', 'Str', '0'),
(2077, '074', '12', '5.52', '0.64', '5', '1'),
(2078, '074', '13', '5.58', '0.06', 'ADD', '1'),
(2079, '074', '14', '5.80', '0.22', 'I', '0'),
(2080, '074', '15', '5.97', '0.17', '=', '1'),
(2081, '074', '16', '6.48', '0.51', 'O(2^n)', '1'),
(2082, '074', '17', '7.08', '0.6', '10', '1'),
(2083, '074', '18', '8.88', '1.8', 'It initializes the class attributes', '0'),
(2084, '074', '19', '9.80', '0.92', 'Compiler Error', '1'),
(2085, '074', '20', '9.92', '0.12', '10', '1'),
(2086, '074', '21', '10.13', '0.21', 'To execute code regardless of whether an exception occurs or not', '1'),
(2087, '074', '22', '10.67', '0.54', '1 3', '1'),
(2088, '074', '23', '11.80', '1.13', '[1, 2, 3, 4, 5]', '1'),
(2089, '074', '24', '13.75', '1.95', '512', '1'),
(2090, '074', '25', '14.10', '0.35', 'el', '0'),
(2091, '074', '26', '15.43', '1.33', '2', '1'),
(2092, '074', '27', '15.57', '0.14', '3.3333333333333335', '1'),
(2093, '074', '28', '16.50', '0.93', ' 10', '1'),
(2094, '074', '29', '16.60', '0.1', 'Stack', '1'),
(2095, '074', '30', '17.28', '0.68', '4', '1'),
(2096, '913121205003', '1', '0.37', '0.37', '36', '0'),
(2097, '913121205003', '2', '0.58', '0.21', 'O(log n)', '0'),
(2098, '913121205003', '3', '0.90', '0.32', 'Stack ', '1'),
(2099, '913121205003', '4', '1.72', '0.82', '10011 ', '0'),
(2100, '913121205003', '5', '1.85', '0.13', 'Cascading Style Sheets ', '1'),
(2101, '913121205003', '6', '1.98', '0.13', 'Structured Query Language ', '1'),
(2102, '913121205003', '7', '2.27', '0.29', 'Queue', '1'),
(2103, '913121205003', '8', '2.68', '0.41', '36', '0'),
(2104, '913121205003', '9', '3.35', '0.67', '120', '1'),
(2105, '913121205003', '10', '3.53', '0.18', 'True ', '1'),
(2106, '913121205003', '11', '3.77', '0.24', 'Str', '0'),
(2107, '913121205003', '12', '4.02', '0.25', '5', '1'),
(2108, '913121205003', '13', '4.58', '0.56', 'ADD', '1'),
(2109, '913121205003', '14', '4.93', '0.35', 'I', '0'),
(2110, '913121205003', '15', '5.30', '0.37', '=', '1'),
(2111, '913121205003', '16', '5.90', '0.6', 'O(2^n)', '1'),
(2112, '913121205003', '17', '6.18', '0.28', '10', '1'),
(2113, '913121205003', '18', '6.62', '0.44', 'It is called when the object is created', '1'),
(2114, '913121205003', '19', '7.33', '0.71', 'Compiler Error', '1'),
(2115, '913121205003', '20', '8.05', '0.72', '10', '1'),
(2116, '913121205003', '21', '8.67', '0.62', 'To handle exceptions', '0'),
(2117, '913121205003', '22', '9.52', '0.85', '1 3', '1'),
(2118, '913121205003', '23', '9.85', '0.33', '[1, 2, 3, 4, 5]', '1'),
(2119, '913121205003', '23', '9.90', '0.33', '[1, 2, 3, 4, 5]', '1'),
(2120, '913121205003', '24', '10.35', '0.5', '64', '0'),
(2121, '913121205003', '25', '11.00', '0.65', 'el', '0'),
(2122, '913121205003', '26', '11.42', '0.42', '2.5', '0'),
(2123, '913121205003', '27', '11.82', '0.4', '3.3333333333333335', '1'),
(2124, '913121205003', '28', '12.18', '0.36', 'Garbage value', '0'),
(2125, '913121205003', '29', '12.53', '0.35', 'Stack', '1'),
(2126, '913121205003', '30', '12.93', '0.4', '4', '1');

-- --------------------------------------------------------

--
-- Table structure for table `student`
--

CREATE TABLE IF NOT EXISTS `student` (
  `ID` int(11) NOT NULL AUTO_INCREMENT,
  `Name` varchar(50) NOT NULL,
  `RollNo` varchar(50) NOT NULL,
  `Department` varchar(30) NOT NULL,
  `Score` int(50) NOT NULL,
  `Time` varchar(100) NOT NULL,
  PRIMARY KEY (`ID`,`RollNo`)
) ENGINE=InnoDB  DEFAULT CHARSET=latin1 AUTO_INCREMENT=73 ;

--
-- Dumping data for table `student`
--

INSERT INTO `student` (`ID`, `Name`, `RollNo`, `Department`, `Score`, `Time`) VALUES
(2, 'Pradeesha C', '913121104074', 'CSE', 13, '10.93'),
(3, 'Menaga R', '913121104063', 'CSE', 18, '15.12'),
(4, 'HARINI S', '913122104043', 'CSE', 18, '16.07'),
(5, 'Jhansi D', '913121104047', 'CSE', 24, '15.73'),
(6, 'Harishankar M', '913121104030', 'CSE', 15, '11.92'),
(7, 'Jaswanthlal B S', '913121104042', 'CSE', 18, '10.13'),
(8, 'Swetha N P', '913122104170', 'CSE', 15, '12.75'),
(9, 'Boomika S', '913121104017', 'CSE', 20, '16.93'),
(10, 'Nikhitha S V', '913121104071', 'CSE', 17, '16.00'),
(11, 'Sudharshini K', '913121104109', 'CSE', 28, '17.73'),
(12, 'K.LINGESHWARAN', '913122104076', 'CSE', 14, '12.20'),
(13, 'SANTHOSHINI K S', '913121104091', 'CSE', 17, '16.85'),
(14, 'SHEKKINA PAULIN J', '913122104144', 'CSE', 20, '21.70'),
(15, 'KARTHIGA.M', '913122104066', 'CSE', 11, '19.73'),
(16, 'JAYABHARATHI P', '913122104056', 'CSE', 18, '21.53'),
(18, 'Sri Swetha T K', '913121104105', 'CSE', 18, '15.98'),
(19, 'ABINAYA SRI R', '913122104002', 'CSE', 12, '18.60'),
(20, 'ABIRAME S', '913121104001', 'CSE', 19, '16.25'),
(21, 'Jeba J', '91312214057', 'CSE', 15, '14.98'),
(22, 'Pradeep SN', '913121104073', 'CSE', 24, '15.92'),
(23, 'Akila rani B', '913122104012', 'CSE', 15, '19.00'),
(24, 'Ramkishan C B', '913121104079', 'CSE', 14, '14.33'),
(25, 'Aishwarya P.K.', '913121104007', 'CSE', 21, '13.70'),
(26, 'Vishal Oviya S', '913122104184', 'CSE', 19, '17.80'),
(27, 'AHALYA R', '913122104009', 'CSE', 18, '20.02'),
(28, 'SHAPNA I', '913122104141', 'CSE', 17, '17.12'),
(29, 'J DAVID DHINAKARAN', '913122104025', 'CSE', 21, '17.88'),
(30, 'K.ARUNKUMAR', '913122104017', 'CSE', 12, '15.33'),
(31, 'NAGASURYA T G', '913122104097', 'CSE', 23, '15.95'),
(32, 'AswinKumar G', '913122104018', 'CSE', 14, '17.35'),
(33, 'M.B.PRASANNA KUMAR', '913123104114', 'CSE', 20, '27.65'),
(35, 'Shiveshwar S', '913123104145', 'CSE', 19, '19.48'),
(36, 'VITHESH T', '913123104181', 'CSE', 14, '13.70'),
(37, 'Hariharan C', '913121104031', 'CSE', 17, '19.05'),
(38, 'MUTHIESWARI S', '913122104094', 'CSE', 19, '22.20'),
(39, 'Vivash V', '913123104182', 'CSE', 15, '17.92'),
(40, 'Surya Prakash S', '913123104160', 'CSE', 13, '17.47'),
(41, 'Bharath.R.L', '913123104028', 'CSE', 13, '19.25'),
(42, 'Manavendra shailesh', '913123104086', 'CSE', 9, '11.77'),
(44, 'GV SURAJ', '913123104158', 'CSE', 13, '17.82'),
(45, 'J. MEERASHAFRIN', '913122104086', 'CSE', 18, '16.27'),
(46, 'Suriya Lakshmi M', '913122104163', 'CSE', 20, '17.65'),
(47, 'rohith', '913122104125', 'CSE', 14, '23.03'),
(48, 'Harish VR', '913122104048', 'CSE', 17, '25.67'),
(49, 'VINOTH KUMAR K B', '913122104182', 'CSE', 0, ''),
(50, 'Navin Kumaran O H', '913122104103', 'CSE', 0, ''),
(51, 'Vishwanath P', '913122104186', 'CSE', 18, '17.63'),
(52, 'Dinesh kumar K K', '913122104033', 'CSE', 13, '14.48'),
(53, 'B Prakadeesh', '913122104112', 'CSE', 0, ''),
(54, 'HARISH V', '913122104047', 'CSE', 19, '21.03'),
(55, 'AKSHAYA KS', '913122104014', 'CSE', 21, '18.08'),
(56, 'Vishnu Kumar M J', '913121104123', 'CSE', 20, '18.07'),
(57, 'Sivajeyabalan S', '913122104151', 'CSE', 18, '20.18'),
(58, 'Harshavardhini.k', '913122104049', 'CSE', 16, '22.00'),
(59, 'B Prakadeesh', '51', 'CSE', 14, '17.57'),
(60, 'Harsha', '913122104050', 'CSE', 15, '14.38'),
(61, 'Ritika Sachdeva M', '913122104124', 'CSE', 18, '15.72'),
(62, 'madhava k', '913122104079', 'CSE', 18, '13.60'),
(63, 'VINOTH KUMAR K B', '182', 'CSE', 0, ''),
(64, 'VINOTH KUMAR K B', '0182', 'CSE', 25, '18.43'),
(65, 'Navin Kumaran O H', '48', 'CSE', 18, '12.12'),
(66, 'MANASHA DEVI T G', '913122104082', 'CSE', 23, '11.13'),
(67, 'S mohamed shihab', '913122104303', 'CSE', 12, '11.50'),
(68, 'Pradee', '074', 'CSE', 24, '17.28'),
(69, 'yeshaashwini K R', '913121104125', 'CSE', 0, ''),
(70, 'Abhishek K Anna', '913121205003', 'IT', 20, '12.97'),
(71, 'Nithin Narayanan S', '913121106065', 'ECE', 0, ''),
(72, 'rrrr', '2345', 'CSE', 0, '');

/*!40101 SET CHARACTER_SET_CLIENT=@OLD_CHARACTER_SET_CLIENT */;
/*!40101 SET CHARACTER_SET_RESULTS=@OLD_CHARACTER_SET_RESULTS */;
/*!40101 SET COLLATION_CONNECTION=@OLD_COLLATION_CONNECTION */;
